kanji,keyword_6th_ed,jlpt,components
一,one,N5,一
二,two,N5,
三,three,N5,一
四,four,N5,囗; 丿
五,five,N5,一; 二
六,six,N5,亠; 八
七,seven,N5,一; 乙
八,eight,N5,
九,nine,N5,丿; 乙
十,ten,N5,十
口,mouth,N4,口
日,day,N5,日
月,month,N5,月
田,rice field,N4,田
目,eye,N4,目
古,old,N4,十; 口
吾,I,,一; 二; 口
冒,risk,N1,冂; 目
朋,companion,N1,月
明,bright,N4,日; 月
唱,chant,N1,口; 日
晶,sparkle,N1,日
品,goods,N4,口
呂,spine,N1,口; 丿
昌,prosperous,N1,日
早,early,N4,日; 十
旭,rising sun,N1,乙; 日
世,generation,N4,一; 丨
胃,stomach,N2,田; 月
旦,nightbreak,N1,日; 一
胆,gall bladder,N1,月; 日; 一
亘,span,N1,一; 日
凹,concave,N1,凵
凸,convex,N1,一; 丨
旧,olden times,N2,丨; 日
自,oneself,N4,目
白,white,N5,日
百,hundred,N5,一; 日
中,in,N5,口; 丨
千,thousand,N5,丿; 十
舌,tongue,N1,千; 口
升,measuring box,N1,丿; 十
昇,rise up,N2,日; 丿; 十
丸,round,N2,丿; 乙; 丶
寸,measurement,N1,寸
肘,elbow,,月; 寸
専,specialty,N2,日; 丨; 寸
博,Dr.,N1,十; 用; 丶; 寸
占,fortune-telling,N2,卜; 口
上,above,N5,卜; 一
下,below,N5,一; 卜
卓,eminent,N1,卜; 日; 十
朝,morning,N4,十; 日; 月
嘲,derision,,口; 十; 日; 月
只,only,N1,口
貝,shellfish,N2,目; 八
唄,pop song,N1,口; 目; 八
貞,upright,N1,卜; 目; 八
員,employee,N4,口; 目; 八
貼,post a bill,,目; 八; 卜; 口
見,see,N5,目; 儿
児,newborn babe,N2,丨; 日; 丿
元,beginning,N4,二; 丿
頁,page,,目; 八
頑,stubborn,N1,二; 丿; 目; 八
凡,mediocre,N1,丿; 丶
負,defeat,N3,𠂊; 目; 八
万,ten thousand,N5,一
句,phrase,N1,丿; 口
肌,texture,N2,月; 丿
旬,decameron,N1,丿; 日
勺,ladle,N1,丿; 丶
的,bull's eye,,日; 丿; 丶
首,neck,N3,目
乙,fish guts,N1,乙
乱,riot,N2,千; 口; 乙
直,straightaway,N3,十; 目
具,tool,N3,目; 八
真,true,N4,十; 目; 八
工,craft,N4,工
左,left,N5,工
右,right,N5,口
有,possess,N4,月
賄,bribe,N1,目; 八; 月
貢,tribute,N1,工; 目; 八
項,paragraph,N1,工; 目; 八
刀,sword,N1,刀
刃,blade,N1,丿; 丶
切,cut,N4,一; 刀
召,seduce,N2,刀; 口
昭,shining,N1,日; 刀; 口
則,rule,N2,目; 八; 刂
副,vice-,N2,一; 口; 田; 刂
別,separate,N4,口; 丿; 刂
丁,street,N1,一; 亅
町,village,N4,田; 一; 亅
可,can,,一; 口; 亅
頂,place on the head,N3,一; 亅; 目; 八
子,child,N5,子
孔,cavity,N1,子; 乙
了,complete,N2,亅
女,woman,N5,女
好,fond,N3,女; 子
如,likeness,N1,女; 口
母,mama,N5,毋
貫,pierce,N1,毋; 目; 八
兄,elder brother,N4,口; 丿
呪,curse,,口; 丿
克,overcome,N1,十; 口; 丿
小,little,N5,小
少,few,N4,小; 丿
大,large,N5,大
多,many,N4,夕
夕,evening,N4,夕
汐,eventide,N1,氵; 夕
外,outside,N5,夕; 卜
名,name,N5,夕; 口
石,stone,N3,口
肖,resemblance,N1,⺌; 月
硝,nitrate,N1,口; ⺌; 月
砕,smash,N1,口; 乙; 十
砂,sand,N2,口; 小; 丿
妬,jealous,,女; 口
削,plane,N1,⺌; 月; 刂
光,ray,N3,⺌; 一; 丿
太,plump,N3,大; 丶
器,utensil,N1,口; 大
臭,stinking,N1,目; 大
嗅,sniff,,口; 目; 大; 丶
妙,exquisite,N1,女; 小; 丿
省,focus,N2,小; 丿; 目
厚,thick,N2,厂; 日; 子
奇,strange,N1,大; 一; 口; 亅
川,stream,N5,川
州,state,N2,丶; 川; 丨
順,obey,N2,川; 目; 八
水,water,N5,水
氷,icicle,N2,水; 丶
永,eternity,N2,丶; 水
泉,spring,N2,日; 水
腺,gland,,月; 日; 水
原,meadow,N3,厂; 日; 小
願,petition,N3,丿; 日; 小; 目; 八
泳,swim,N3,氵; 丶; 水
沼,marsh,N1,氵; 刀; 口
沖,open sea,N1,氵; 口; 丨
汎,pan-,,氵; 丿; 丶
江,creek,N1,氵; 工
汰,cleanse,N1,氵; 大; 丶
汁,soup,N1,氵; 十
沙,grains of sand,N1,氵; 小; 丿
潮,tide,N1,氵; 十; 日; 月
源,source,N1,氵; 厂; 日; 小
活,lively,N3,氵; 千; 口
消,extinguish,N3,氵; ⺌; 月
況,but of course,N2,氵; 口; 丿
河,river,N2,氵; 一; 口; 亅
泊,overnight,N2,氵; 日
湖,lake,N2,氵; 十; 口; 月
測,fathom,N2,氵; 目; 八; 刂
土,soil,N5,土
吐,spit,N1,口; 土
圧,pressure,N2,厂; 土
埼,cape,,土; 大; 一; 口; 亅
垣,hedge,N1,土; 一; 日
填,inlay,,土; 十; 目; 八
圭,squared jewel,N1,土
封,seal,N2,土; 寸
涯,horizon,N1,氵; 厂; 土
寺,Buddhist temple,N2,土; 寸
時,time,N5,日; 土; 寸
均,level,N2,土; 丿
火,fire,N5,火
炎,inflammation,N1,火
煩,anxiety,N1,火; 目; 八
淡,thin,N1,氵; 火
灯,lamp,N2,火; 一; 亅
畑,farm,,火; 田
災,disaster,N1,巛; 火
灰,ashes,N2,厂; 火
点,spot,N3,卜; 口; 灬
照,illuminate,N2,日; 刀; 口; 灬
魚,fish,N4,𠂊; 田; 灬
漁,fishing,N2,氵; 𠂊; 田; 灬
里,ri,,日
黒,black,N4,日; 灬
墨,black ink,N1,日; 灬; 土
鯉,carp,N1,𠂊; 田; 灬; 日
量,quantity,N2,日; 一
厘,rin,N1,厂; 日
埋,bury,N2,土; 日
同,same,N4,冂; 一; 口
洞,den,N1,氵; 冂; 一; 口
胴,trunk,N1,月; 冂; 一; 口
向,yonder,N3,丿; 丨; 口
尚,esteem,N1,⺌; 冂; 口
字,character,N4,冖; 子
守,guard,N3,冖; 寸
完,perfect,N3,冖; 二; 丿
宣,proclaim,N1,冖; 一; 日
宵,wee hours,N1,冖; ⺌; 月
安,relax,N4,冖; 女
宴,banquet,N1,冖; 日; 女
寄,draw near,N3,冖; 大; 一; 口; 亅
富,wealth,N3,冖; 一; 口; 田
貯,savings,N2,目; 八; 冖; 一; 亅
木,tree,N5,木
林,grove,N2,木
森,forest,N2,木
桂,Japanese Judas-tree,N1,木; 土
柏,oak,,木; 日
枠,frame,N1,木; 乙; 十
梢,treetops,N1,木; ⺌; 月
棚,shelf,N1,木; 月
杏,apricot,N1,木; 口
桐,paulownia,N1,木; 冂; 一; 口
植,plant,N2,木; 十; 目
椅,chair,,木; 大; 一; 口; 亅
枯,wither,N2,木; 十; 口
朴,crude,N1,木; 卜
村,town,N2,木; 寸
相,inter-,N3,木; 目
机,desk,N2,木; 丿
本,book,N5,丨
札,tag,N2,木; 乙
暦,calendar,N1,厂; 木; 日
案,plan,N1,冖; 女; 木
燥,parch,N2,火; 口; 木
未,not yet,N3,丿
末,extremity,,丿
昧,obscure,N3,日; 木
沫,splash,,氵; 木
味,flavor,N4,口; 木
妹,younger sister,N4,女; 木
朱,vermilion,N1,丿; 木
株,stocks,N1,木
若,young,N3,艹; 口
草,grass,N3,艹; 日; 十
苦,suffering,N3,艹; 十; 口
苛,bullying,,艹; 一; 口; 亅
寛,tolerant,N1,冖; 艹; 目; 儿
薄,dilute,N2,艹; 氵; 用; 丶; 寸
葉,leaf,N3,艹; 一; 木
模,imitation,N1,木; 艹; 日; 大
漠,vague,N1,氵; 艹; 日; 大
墓,grave,N1,艹; 日; 大; 土
暮,livelihood,N3,艹; 日; 大
膜,membrane,N1,月; 艹; 日; 大
苗,seedling,N1,艹; 田
兆,portent,N2,丿; 儿
桃,peach tree,N1,木; 儿; 冫
眺,stare,N1,目; 儿; 冫
犬,dog,N4,大; 丶
状,status quo,N3,⺦; 大; 丶
黙,silence,N1,日; 大; 丶; 灬
然,sort of thing,N3,月; 大; 丶; 灬
荻,reed,,艹; ⺨; 火
狩,hunt,N1,⺨; 冖; 寸
猫,cat,N3,⺨; 艹; 田
牛,cow,N4,牛
特,special,N4,牛; 土; 寸
告,revelation,N3,牛; 口
先,before,N5,丿
洗,wash,N3,氵; 丿
介,jammed in,N2,人; 丿; 丨
界,world,N4,田; 人; 丿; 丨
茶,tea,N4,艹; 人; 木
脊,spinal column,,人; 月
合,fit,N3,人; 一; 口
塔,pagoda,N2,土; 艹; 人; 一; 口
王,king,N3,王
玉,jewel,N2,王; 丶
宝,treasure,N2,冖; 王; 丶
珠,pearl,N1,王; 木
現,present,N3,王; 目; 儿
玩,toy,,王; 二; 丿
狂,lunatic,N1,⺨; 王
旺,effulgent,N1,日; 王
皇,emperor,N1,日; 王
呈,display,N1,口; 王
全,whole,N3,人; 王
栓,plug,N1,木; 人; 王
理,logic,N4,王; 日
主,lord,N4,丶; 亠
注,pour,N4,氵; 丶; 王
柱,pillar,N2,木; 丶; 王
金,gold,N5,
銑,pig iron,N1,金; 丿
鉢,bowl,N1,金; 木
銅,copper,N2,金; 冂; 一; 口
釣,angling,N1,金; 丿; 丶
針,needle,N2,金; 十
銘,inscription,N1,金; 夕; 口
鎮,tranquillize,N1,金; 十; 目; 八
道,road-way,N4,目; ⻌
導,guidance,N2,目; ⻌; 寸
辻,crossing,,十; 辶
迅,swift,N1,乙; 十; ⻌
造,create,N2,牛; 口; ⻌
迫,urge,N1,日; ⻌
逃,escape,N3,儿; 冫; ⻌
辺,environs,N2,刀; ⻌
巡,patrol,N1,巛; ⻌
車,car,N5,車
連,take along,N3,車; ⻌
軌,rut,N1,車; 乙
輸,transport,N2,車; 入; 一; 月; 刂
喩,metaphor,,口; 入; 一; 月; 刂
前,in front,N5,八; 月; 刂
煎,roast,,八; 月; 刂; 灬
各,each,N2,夂; 口
格,status,N3,木; 夂; 口
賂,graft,,目; 八; 夂; 口
略,abbreviation,N2,田; 夂; 口
客,guest,N3,冖; 夂; 口
額,forehead,N2,冖; 夂; 口; 目; 八
夏,summer,N4,一; 目; 夂
処,dispose,N3,夂; 丿
条,twig,N1,夂; 木
落,fall,N3,艹; 氵; 夂; 口
冗,superfluous,N1,冖; 丿
冥,Hades,,冖; 日; 亠; 八
軍,army,N2,冖; 車
輝,radiance,N1,⺌; 一; 丿; 冖; 車
運,carry,N4,冖; 車; ⻌
冠,crown,N1,冖; 二; 丿; 寸
夢,dream,N3,艹; 罒; 冖; 夕
坑,pit,N1,土; 亠; 丿
高,tall,N5,亠; 口; 冂
享,receive,N1,亠; 口; 子
塾,cram school,N1,亠; 口; 子; 乙; 丶; 土
熟,mellow,N1,亠; 口; 子; 乙; 丶; 灬
亭,pavilion,N1,亠; 口; 冖; 一; 亅
京,capital,N4,亠; 口; 小
涼,refreshing,N2,氵; 亠; 口; 小
景,scenery,N3,日; 亠; 口; 小
鯨,whale,N1,𠂊; 田; 灬; 亠; 口; 小
舎,cottage,N1,人; 士; 口
周,circumference,N2,冂; 士; 口
週,week,N4,冂; 士; 口; ⻌
士,gentleman,N1,士
吉,good luck,N1,士; 口
壮,robust,N1,⺦; 士
荘,villa,N1,艹; ⺦; 士
売,sell,N4,士; 冖; 丿
学,study,N5,⺍; 冖; 子
覚,memorize,N3,⺍; 冖; 目; 儿
栄,flourish,N2,⺍; 冖; 木
書,write,N5,⺕; 丨; 日
津,haven,N1,氵; ⺕; 丨
牧,breed,N1,牛; 𠂉; 丿
攻,aggression,N1,工; 𠂉; 丿
敗,failure,N3,目; 八; 𠂉; 丿
枚,a sheet of,N2,木; 𠂉; 丿
故,happenstance,N1,十; 口; 𠂉; 丿
敬,awe,N2,艹; 丿; 口; 𠂉
言,say,N4,口
警,admonish,N3,艹; 丿; 口; 𠂉
計,plot,N4,口; 十
詮,elucidate,,口; 人; 王
獄,prison,N1,⺨; 口; 大; 丶
訂,revise,N1,口; 一; 亅
訃,obituary,,口; 卜
討,chastise,N1,口; 寸
訓,instruction,N2,口; 川
詔,imperial edict,N1,口; 刀
詰,packed,N2,口; 士
話,tale,N5,口; 千
詠,recitation,N1,口; 丶; 水
詩,poem,N1,口; 土; 寸
語,word,N5,口; 二
読,read,N5,口; 士; 冖; 丿
調,tune,N3,口; 冂; 士
談,discuss,N3,口; 火
諾,consent,N1,口; 艹
諭,rebuke,N1,口; 入; 一; 月; 刂
式,style,N3,弋; 工; 丶
試,test,N4,口; 弋; 工; 丶
弐,II (two),N1,一; 弋; 丶
域,range,N2,土; 弋; 口; 一; 丿; 丶
賊,burglar,N1,目; 八; 弋; 十; 丿; 丶
栽,plantation,N1,十; 弋; 木; 丿; 丶
載,load,N1,十; 弋; 車; 丿; 丶
茂,overgrown,N1,艹; 厂; 丿; 丶
戚,relatives,,弋; 卜; 一; 小; 丿; 丶
成,turn into,N3,丿; 弋; 𠂊; 丶
城,castle,N2,土; 丿; 弋; 𠂊; 丶
誠,sincerity,N1,口; 丿; 弋; 𠂊; 丶
威,intimidate,N1,厂; 一; 女; 弋; 丿; 丶
滅,destroy,N1,氵; 厂; 一; 火; 弋; 丿; 丶
減,dwindle,N2,氵; 厂; 一; 口; 弋; 丿; 丶
蔑,revile,,艹; 罒; 厂; 一; 弋; 丿; 丶
桟,scaffold,N1,木; 一; 丿; 丶
銭,coin,N1,金; 一; 丿; 丶
浅,shallow,N2,氵; 一; 丿; 丶
止,stop,N4,卜
歩,walk,N4,卜; 小; 丿
渉,ford,N1,氵; 卜; 小; 丿
頻,repeatedly,N1,卜; 小; 丿; 目; 八
肯,agreement,N2,卜; 月
企,undertake,N1,人; 卜
歴,curriculum,N2,厂; 木; 卜
武,warrior,N2,一; 弋; 卜; 丶
賦,levy,N1,目; 八; 一; 弋; 卜; 丶
正,correct,N4,一; 卜
証,evidence,N1,口; 卜
政,politics,N3,卜; 𠂉; 丿
定,determine,N3,冖; 卜; 人
錠,lock,N1,金; 冖; 卜; 人
走,run,N4,土; 龰
超,transcend,N2,土; 龰; 刀; 口
赴,proceed,N1,土; 龰; 卜
越,surpass,N3,土; 龰; 厂; 丿; 丶
是,just so,N1,日; 卜; 人
題,topic,N4,日; 卜; 人; 目; 八
堤,dike,N1,土; 日; 卜; 人
建,build,N4,⺕; 丨; 廴
鍵,key,,金; ⺕; 丨; 廴
延,prolong,N2,丿; 卜; 廴
誕,nativity,N1,口; 丿; 卜; 廴
礎,cornerstone,N1,口; 木; 卜; 人
婿,bridegroom,N1,女; 卜; 人; 月
衣,garment,N2,亠
裁,tailor,N1,十; 弋; 亠; 丿; 丶
装,attire,N2,⺦; 士; 亠
裏,back,N2,亠; 日; 衣
壊,demolition,N1,土; 十; 罒; 亠
哀,pathetic,N1,亠; 口; 衣
遠,distant,N3,亠; 口; 衣; ⻌
猿,monkey,N1,⺨; 亠; 口; 衣
初,first time,N3,衤; 刀
巾,towel,,巾
布,linen,N2,巾
帆,sail,N1,巾; 丿; 丶
幅,hanging scroll,N2,巾; 一; 口; 田
帽,cap,N2,巾; 日; 目
幕,curtain,N1,艹; 日; 大; 巾
幌,canopy,,巾; 日; ⺌; 一; 丿
錦,brocade,N1,金; 日; 巾
市,market,N3,亠; 巾
柿,persimmon,,木; 亠; 巾
姉,elder sister,N4,女; 亠; 巾
肺,lungs,N1,月; 亠; 巾
帯,sash,N2,十; 廿; 冖; 巾
滞,stagnate,N1,氵; 十; 廿; 川; 冖; 巾
刺,thorn,N2,木; 冂; 刂
制,system,N3,牛; 刂
製,made in...,N1,牛; 刂; 亠
転,revolve,N4,車; 二; 厶
芸,technique,N2,艹; 二; 厶
雨,rain,N5,雨
雲,cloud,N2,雨; 二; 厶
曇,cloudy weather,N2,日; 雨; 二; 厶
雷,thunder,N1,雨; 田
霜,frost,N1,雨; 木; 目
冬,winter,N4,夂
天,heavens,N5,一; 大
妖,bewitched,,女; 丿; 大
沃,irrigate,,氵; 丿; 大
橋,bridge,N2,木; 丿; 大; 口; 冂
嬌,attractive,,女; 丿; 大; 口; 冂
立,stand up,N4,亠
泣,cry,N1,氵; 亠
章,badge,N2,亠; 日; 十
競,vie,N2,亠; 口; 丿
帝,sovereign,N1,亠; 冖; 巾
諦,renunciation,,口; 亠; 冖; 巾
童,juvenile,N2,亠; 日
瞳,pupil,N1,目; 亠; 日
鐘,bell,N1,金; 亠; 日
商,make a deal,N3,亠; 冂; 丿; 口
嫡,legitimate wife,N1,女; 亠; 冂; 十; 口
適,suitable,N3,亠; 冂; 十; 口; ⻌
滴,drip,N2,氵; 亠; 冂; 十; 口
敵,enemy,N1,亠; 冂; 十; 口; 𠂉; 丿
匕,spoon,,匕
叱,scold,,口; 一
匂,aroma,,丿; 匕
頃,about that time,,匕; 目; 八
北,north,N5,匕
背,stature,N3,匕; 月
比,compare,N2,匕
昆,descendants,N1,日; 匕
皆,all,N3,匕; 日
楷,block letters,,木; 匕; 日
諧,orderliness,,口; 匕; 日
混,mix,N2,氵; 日; 匕
渇,thirst,N1,氵; 日; 丿; 匕
謁,audience,N1,口; 日; 丿; 匕
褐,brown,N1,衤; 日; 丿; 匕
喝,hoarse,N1,口; 日; 丿; 匕
葛,kudzu,,艹; 日; 丿; 人
旨,delicious,N1,匕; 日
脂,fat,N2,月; 匕; 日
詣,visit a shrine,,口; 匕; 日
壱,I (one),N1,士; 冖; 匕
毎,every,N5,丿; 毋
敏,cleverness,N1,丿; 毋; 𠂉
梅,plum,N1,木; 丿; 毋
海,sea,N4,氵; 丿; 毋
乞,beg,,乙
乾,drought,N2,十; 日; 乙
腹,abdomen,N3,月; 𠂉; 日; 夂
複,duplicate,N2,衤; 𠂉; 日; 夂
欠,lack,N3,
吹,blow,N3,口
炊,cook,N1,火
歌,song,N4,一; 口; 亅; 欠
軟,soft,N2,車
次,next,N3,欠
茨,briar,,艹; 欠
資,assets,N3,欠; 目; 八
姿,figure,N1,欠; 女
諮,consult with,N1,口; 欠
賠,compensation,N1,目; 八; 亠; 口
培,cultivate,N1,土; 亠; 口
剖,divide,N1,亠; 口; 刂
音,sound,N4,亠; 日
暗,darkness,N3,日; 亠
韻,rhyme,N1,亠; 日; 口; 目; 八
識,discriminating,N3,口; 弋; 日; 丿; 丶
鏡,mirror,N1,金; 亠; 日; 丿
境,boundary,N2,土; 亠; 日; 丿
亡,deceased,N3,匸
盲,blind,N1,匸; 目
妄,delusion,N1,匸; 女
荒,laid waste,N2,艹; 匸; 川
望,ambition,N3,匸; 月; 王
方,direction,N4,亠
妨,disturb,N1,女; 亠
坊,boy,,土; 亠
芳,perfumed,N1,艹; 亠
肪,obese,N1,月; 亠
訪,call on,N3,口; 亠
放,set free,N3,亠; 𠂉; 丿
激,violent,N1,氵; 日; 亠; 𠂉; 丿
脱,undress,N1,月; 口; 丿
説,explanation,N3,口; 丿
鋭,pointed,N2,金; 口; 丿
曽,formerly,,八; 田; 日
増,increase,N3,土; 田; 日
贈,presents,N2,目; 八; 田; 日
東,east,N5,木; 日; 丿
棟,ridgepole,N1,木; 日
凍,frozen,N2,木; 日
妊,pregnancy,N1,女; 丿; 士
廷,courts,N1,丿; 士; 廴
染,dye,N1,氵; 乙; 木
燃,burn,N2,火; 月; 大; 丶; 灬
賓,V.I.P.,N1,冖; 小; 丿; 目; 八
歳,year-end,N3,卜; 弋; 一; 小; 丿; 丶
県,prefecture,N2,目; 小
栃,horse chestnut,,木; 厂; 一
地,ground,N4,土; 乙
池,pond,N2,氵; 乙
虫,insect,N2,口; 丨
蛍,lightning bug,N1,⺍; 冖; 口; 丨
蛇,snake,N1,口; 丨; 冖; 匕
虹,rainbow,N1,口; 丨; 工
蝶,butterfly,N1,口; 丨; 一; 木
独,single,N1,⺨; 口; 丨
蚕,silkworm,N1,一; 大; 口; 丨
風,wind,N4,丿; 口; 丨
己,self,N1,己
起,rouse,N4,土; 龰; 己
妃,queen,N1,女; 己
改,reformation,N2,己; 𠂉; 丿
記,scribe,N3,口; 己
包,wrap,N2,丿; 己
胞,placenta,N1,月; 丿; 己
砲,cannon,N1,口; 丿; 己
泡,bubble,N1,氵; 丿; 己
亀,tortoise,N1,𠂊; 日
電,electricity,N5,雨; 日
竜,dragon,N1,亠
滝,waterfall,N1,氵; 亠
豚,pork,N1,月; 豕
逐,pursue,N1,豕; ⻌
遂,consummate,N1,豕; ⻌
家,house,N4,冖; 豕
嫁,marry into,N1,女; 冖; 豕
豪,overpowering,N1,亠; 口; 冖; 豕
腸,intestines,N1,月; 日; 一; 勹
場,location,N4,土; 日; 一; 勹
湯,hot water,N2,氵; 日; 一; 勹
羊,sheep,N1,䒑
美,beauty,N3,⺷; 大
洋,ocean,N4,氵; 䒑
詳,detailed,N1,口; 䒑
鮮,fresh,N1,𠂊; 田; 灬; 䒑
達,accomplished,N3,土; 䒑; ⻌
羨,envious,,䒑; 氵
差,distinction,N3,䒑; 丿; 工
着,don,N4,丿; 目
唯,solely,N1,口; 亻
堆,piled high,,土; 亻
椎,sweet oak,N1,木; 亻
誰,who?,,口; 亻
焦,char,N1,亻; 灬
礁,reef,N1,口; 亻; 灬
集,gather,N4,亻; 木
准,quasi-,N1,亻
進,advance,N3,亻; ⻌
雑,miscellaneous,N3,乙; 木; 亻
雌,female,N1,卜; 匕; 亻
準,semi-,N2,氵; 亻; 十
奮,stirred up,N1,大; 亻; 田
奪,rob,N1,大; 亻; 寸
確,assurance,N3,口; 冖; 亻
午,noon,N5,丿; 干; 十
許,permit,N3,口; 干; 十
歓,delight,N1,𠂉; 亻
権,authority,N3,木; 𠂉; 亻
観,outlook,N3,𠂉; 亻; 目; 儿
羽,feathers,N2,
習,learn,N4,羽; 日
翌,the following,N2,亠
曜,weekday,N4,日; 亻
濯,laundry,N2,氵; 亻
曰,sayeth,,曰
困,quandary,N3,囗; 木
固,harden,N2,囗; 十; 口
錮,weld,,金; 囗; 十; 口
国,country,N5,囗; 王; 丶
団,group,N2,囗; 寸
因,cause,N3,囗; 大
姻,matrimony,N1,女; 囗; 大
咽,windpipe,,口; 囗; 大
園,park,N3,囗; 亠; 口; 衣
回,-times,N3,囗; 口
壇,podium,N1,土; 亠; 囗; 口; 日; 一
店,store,N4,厂; 卜; 口
庫,warehouse,N2,厂; 車
庭,courtyard,N3,厂; 丿; 士; 廴
庁,government office,N2,厂; 一; 亅
床,bed,N2,厂; 木
麻,hemp,N1,厂; 木
磨,grind,N2,厂; 木; 口
心,heart,N4,心
忘,forget,N3,匸; 心
恣,selfish,,欠; 心
忍,endure,N1,刀; 丶; 心
認,acknowledge,N3,口; 刀; 丶; 心
忌,mourning,N1,己; 心
志,intention,N1,士; 心
誌,document,N2,口; 士; 心
芯,wick,,艹; 心
忠,loyalty,N1,口; 丨; 心
串,shish kebab,,口; 丨
患,afflicted,N2,口; 丨; 心
思,think,N4,田; 心
恩,grace,N1,囗; 大; 心
応,apply,N1,厂; 心
意,idea,N4,亠; 日; 心
臆,cowardice,,月; 亠; 日; 心
想,concept,N3,木; 目; 心
息,breath,N3,目; 心
憩,recess,N1,千; 口; 目; 心
恵,favor,N1,日; 丨; 心
恐,fear,N3,工; 丿; 丶; 心
惑,beguile,N1,弋; 口; 一; 丿; 丶; 心
感,emotion,N3,厂; 一; 口; 弋; 丿; 丶; 心
憂,melancholy,N1,一; 日; 冖; 心; 夂
寡,widow,N1,冖; 目; 八; 刀
忙,busy,N3,忄; 匸
悦,ecstasy,N1,忄; 口; 丿
恒,constancy,N1,忄; 一; 日
悼,lament,N1,忄; 卜; 日; 十
悟,enlightenment,N1,忄; 二; 口
怖,dreadful,N3,忄; 巾
慌,disconcerted,,忄; 艹; 匸; 川
悔,repent,N1,忄; 丿; 毋
憎,hate,N2,忄; 田; 日
慣,accustomed,N3,忄; 毋; 目; 八
愉,pleasure,N1,忄; 入; 一; 月; 刂
惰,lazy,N1,忄; 工; 月
慎,humility,N1,忄; 十; 目; 八
憾,remorse,N1,忄; 厂; 一; 口; 弋; 丿; 丶; 心
憶,recollection,N1,忄; 亠; 日; 心
惧,disquieting,,忄; 目; 八
憧,yearn,N1,忄; 亠; 日
憬,hanker,,忄; 日; 亠; 口; 小
慕,pining,N1,艹; 日; 大; ⺗
添,annexed,N1,氵; 丿; 大; ⺗
必,invariably,N3,丶; 丿; 心
泌,ooze,N1,氵; 心; 丿
手,hand,N4,手
看,watch over,N1,丿; 目
摩,chafe,N1,厂; 木; 手
我,ego,N1,丿; 弋; 亅; 丶
義,righteousness,N1,䒑; 丿; 弋; 亅; 丶
議,deliberation,N3,口; 䒑; 丿; 弋; 亅; 丶
犠,sacrifice,N1,牛; 䒑; 丿; 弋; 亅; 丶
抹,rub,N1,扌; 木
拭,wipe,,扌; 弋; 工; 丶
拉,yank,,扌; 亠
抱,embrace,N3,扌; 丿; 己
搭,board,N1,扌; 艹; 人; 一; 口
抄,extract,N1,扌; 小; 丿
抗,confront,N1,扌; 亠; 丿
批,criticism,N1,扌; 匕
招,beckon,N3,扌; 刀; 口
拓,clear the land,N1,扌; 口
拍,clap,N1,扌; 日
打,strike,N3,扌; 一; 亅
拘,arrest,N1,扌; 丿; 口
捨,discard,N2,扌; 人; 士; 口
拐,kidnap,N1,扌; 口; 刀
摘,pinch,N1,扌; 亠; 冂; 十; 口
挑,challenge,N1,扌; 儿; 冫
指,finger,N3,扌; 匕; 日
持,hold,N4,扌; 土; 寸
拶,imminent,,扌; 巛; 夕
括,fasten,N1,扌; 千; 口
揮,brandish,N1,扌; 冖; 車
推,conjecture,N1,扌; 亻
揚,hoist,N1,扌; 日; 一; 勹
提,propose,N1,扌; 日; 卜; 人
損,damage,N2,扌; 口; 目; 八
拾,pick up,N2,扌; 人; 一; 口
担,shouldering,N2,扌; 日; 一
拠,foothold,N1,扌; 夂; 丿
描,sketch,N1,扌; 艹; 田
操,maneuver,N1,扌; 口; 木
接,touch,N2,扌; 亠; 女
掲,put up a notice,N1,扌; 日; 丿; 匕
掛,hang,N3,扌; 土; 卜
捗,make headway,,扌; 卜; 小; 丿
研,polish,N4,口; 十
戒,commandment,N1,弋; 十; 丿; 丶
弄,tinker with,,王; 十; 丿
械,contraption,N2,木; 弋; 十; 丿; 丶
鼻,nose,N2,目; 田; 十; 丿
刑,punish,N1,十; 刂
型,mould,N2,十; 刂; 土
才,genius,N3,亅
財,property,N3,目; 八; 亅
材,lumber,N2,木; 亅
存,suppose,N3,亻; 子
在,exist,N3,亻; 土
乃,from,N1,丿
携,portable,N1,扌; 亻; 丿
及,reach out,N1,丿; 又
吸,suck,N3,口; 丿; 又
扱,handle,N1,扌; 丿; 又
丈,length,,一; 丿
史,history,N2,口; 丨
吏,officer,N1,一; 口; 丿
更,grow late,N3,一; 日; 丿
硬,stiff,N2,口; 日; 丿
梗,spiny,,木; 日; 丿
又,or again,N1,又
双,pair,N2,又
桑,mulberry,N1,又; 木
隻,vessels,N2,亻; 又
護,safeguard,N1,口; 艹; 亻; 又
獲,seize,N1,⺨; 艹; 亻; 又
奴,guy,N1,女; 又
怒,angry,N3,女; 又; 心
友,friend,N5,𠂇; 又
抜,slip out,N3,扌; 又
投,throw,N3,扌; 丿; 又
没,drown,N1,氵; 丿; 又
股,thigh,,月; 丿; 又
設,establishment,N2,口; 丿; 又
撃,beat,N1,車; 丿; 又; 手
殻,husk,N1,士; 冖; 丿; 又
支,branch,N3,十; 又
技,skill,N2,扌; 十; 又
枝,bough,N2,木; 十; 又
肢,limb,N1,月; 十; 又
茎,stalk,N1,艹; 又; 土
怪,suspicious,N1,忄; 又; 土
軽,lightly,N2,車; 又; 土
叔,uncle,N1,卜; 一; 小; 又
督,coach,N1,卜; 一; 小; 又; 目
寂,loneliness,N1,冖; 卜; 一; 小; 又
淑,graceful,N1,氵; 卜; 一; 小; 又
反,anti-,N3,厂; 又
坂,slope,N2,土; 厂; 又
板,plank,N2,木; 厂; 又
返,return,N3,厂; 又; ⻌
販,marketing,N2,目; 八; 厂; 又
爪,claw,,丿
妥,gentle,N1,⺤; 女
乳,milk,N2,⺤; 子; 乙
浮,floating,N3,氵; ⺤; 子
淫,lewd,,氵; ⺤; 丿; 士
将,leader,N2,⺦; ⺤; 寸
奨,exhort,N1,⺦; ⺤; 寸; 大
采,grab,N1,⺤; 木
採,pick,N2,扌; ⺤; 木
菜,vegetable,N2,艹; ⺤; 木
受,accept,N3,⺤; 冖; 又
授,impart,N1,扌; ⺤; 冖; 又
愛,love,N3,⺤; 冖; 心; 夂
曖,unclear,,日; ⺤; 冖; 心; 夂
払,pay,N3,扌; 厶
広,wide,N4,厂; 厶
勾,hooked,,丿; 厶
拡,broaden,N1,扌; 厂; 厶
鉱,mineral,N2,金; 厂; 厶
弁,valve,N1,厶; 十; 丿
雄,male,N1,丿; 厶; 亻
台,pedestal,N4,厶; 口
怠,neglect,N1,厶; 口; 心
治,reign,N3,氵; 厶; 口
冶,metallurgy,N1,厶; 口
始,commence,N4,女; 厶; 口
胎,womb,N1,月; 厶; 口
窓,window,N3,冖; 八; 厶; 心
去,gone,N4,土; 厶
法,method,N3,氵; 土; 厶
会,meeting,N4,人; 二; 厶
至,climax,N1,厶; 土
室,room,N4,冖; 厶; 土
到,arrival,N3,厶; 土; 刂
致,doth,N1,厶; 土; 𠂉; 丿
互,mutually,N3,一; 二
棄,abandon,N1,亠; 厶; 十; 廿; 川; 木
育,bring up,N3,亠; 厶; 月
撤,remove,N1,扌; 亠; 厶; 月; 𠂉; 丿
充,allot,N1,亠; 厶; 丿
銃,gun,N1,金; 亠; 厶; 丿
硫,sulfur,N1,口; 亠; 厶; 川
流,current,N3,氵; 亠; 厶; 川
允,license,N1,厶; 丿
唆,tempt,N1,口; 厶; 丿; 夂
出,exit,N5,丨; 凵
山,mountain,N5,山
拙,bungling,N1,扌; 山; 凵
岩,boulder,N2,山; 口
炭,charcoal,N2,山; 厂; 火
岐,branch off,N1,山; 十; 又
峠,mountain pass,N1,山; 卜; 一
崩,crumble,N1,山; 月
密,secrecy,N1,冖; 心; 丿; 山
蜜,honey,,冖; 心; 丿; 口; 丨
嵐,storm,N1,山; 丿; 口; 丨
崎,promontory,N1,山; 大; 一; 口; 亅
崖,bluffs,,山; 厂; 土
入,enter,N5,入
込,crowded,N3,入; ⻌
分,part,,八; 刀
貧,poverty,N3,八; 刀; 目
頒,partition,N1,八; 刀; 目
公,public,N4,八; 厶
松,pine tree,N1,木; 八; 厶
翁,venerable old man,N1,八; 厶
訟,sue,N1,口; 八; 厶
谷,valley,N2,口
浴,bathe,N2,氵; 口
容,contain,N3,冖; 口
溶,melt,N2,氵; 冖; 口
欲,longing,N3,口
裕,abundant,N1,衤; 口
鉛,lead (metal),N1,金; 口
沿,run alongside,N1,氵; 口
賞,prize,N2,⺌; 冂; 口; 目; 八
党,party,N2,⺌; 冂; 口; 丿
堂,hall,N4,⺌; 冂; 口; 土
常,usual,N3,⺌; 冂; 口; 巾
裳,skirt,,⺌; 冂; 口; 亠
掌,manipulate,N1,⺌; 冂; 口; 手
皮,pelt,N2,皮
波,waves,N2,氵; 皮
婆,old woman,N1,氵; 皮; 女
披,expose,N1,扌; 皮
破,rend,N3,口; 皮
被,incur,N2,衤; 皮
残,remainder,N3,一; 夕; 丿; 丶
殉,martyrdom,N1,一; 夕; 丿; 日
殊,particularly,N1,一; 夕; 木
殖,augment,N1,一; 夕; 十; 目
列,file,N3,一; 夕; 刂
裂,split,N1,一; 夕; 刂; 亠
烈,ardent,N1,一; 夕; 刂; 灬
死,death,N4,一; 夕; 匕
葬,interment,N1,艹; 一; 夕; 匕; 十; 丿
瞬,wink,N1,目; ⺤; 冖; 夕; 㐄
耳,ear,N3,耳
取,take,N3,耳; 又
趣,gist,N1,土; 龰; 耳; 又
最,utmost,N3,日; 耳; 又
撮,snapshot,N1,扌; 日; 耳; 又
恥,shame,N3,耳; 心
職,post,N3,耳; 弋; 日; 丿; 丶
聖,holy,N1,耳; 口; 王
敢,daring,N1,耳; 𠂉; 丿
聴,listen,N1,耳; 十; 罒; 心
懐,pocket,N1,忄; 十; 罒; 亠
慢,ridicule,N1,忄; 日; 罒; 又
漫,loose,N1,氵; 日; 罒; 又
買,buy,N4,罒; 目; 八
置,placement,N3,罒; 十; 目
罰,penalty,N1,罒; 口; 刂
寧,rather,N1,冖; 心; 罒; 一; 亅
濁,voiced,N1,氵; 罒; 丿; 口; 丨
環,ring,N1,王; 罒; 口; 𧘇
還,send back,N1,罒; 口; 𧘇; ⻌
夫,husband,N3,丿
扶,aid,N1,扌; 大
渓,mountain stream,N1,氵; ⺤; 大
規,standard,N3,大; 目; 儿
替,exchange,N2,大; 日
賛,approve,N3,大; 目; 八
潜,submerge,N1,氵; 大; 日
失,lose,N3,丿; 大
鉄,iron,N2,金; 丿; 大
迭,alternate,N1,丿; 大; ⻌
臣,retainer,N2,臣
姫,princess,N1,女; 臣
蔵,storehouse,N2,艹; 厂; 臣; 弋; 丿; 丶
臓,entrails,N2,月; 艹; 厂; 臣; 弋; 丿; 丶
賢,intelligent,N2,臣; 又; 目; 八
腎,kidney,,臣; 又; 月
堅,strict,N1,臣; 又; 土
臨,look to,N1,臣; 𠂉; 口
覧,perusal,N1,臣; 𠂉; 目; 儿
巨,gigantic,N2,匚
拒,repel,N1,扌; 匚; 二
力,power,N4,力
男,man,N5,田; 力
労,labor,N3,⺍; 冖; 力
募,recruit,N2,艹; 日; 大; 力
劣,inferiority,N1,小; 丿; 力
功,achievement,N1,工; 力
勧,persuade,N1,𠂉; 亻; 力
努,toil,N3,女; 又; 力
勃,uprising,,十; 冖; 子; 力
励,encourage,N1,丿; 一; 力
加,add,N3,力; 口
賀,congratulations,N1,力; 口; 目; 八
架,erect,N1,力; 口; 木
脇,armpit,,月; 力
脅,threaten,N1,力; 月
協,co-,N2,十; 力
行,going,N5,亻
律,rhythm,N2,亻; ⺕; 丨
復,restore,N2,亻; 𠂉; 日; 夂
得,gain,N3,亻; 日; 一; 寸
従,accompany,N1,亻; 卜; 人
徒,junior,N3,亻; 土; 龰
待,wait,N4,亻; 土; 寸
往,journey,N1,亻; 丶; 王
征,subjugate,N1,亻; 卜
径,diameter,N1,亻; 又; 土
彼,he,N3,亻; 皮
役,duty,N3,亻; 丿; 又
徳,benevolence,N1,亻; 十; 罒; 心
徹,penetrate,N1,亻; 亠; 厶; 月; 𠂉; 丿
徴,indications,N1,亻; 山; 王; 𠂉; 丿
懲,penal,N1,亻; 山; 王; 𠂉; 丿; 心
微,delicate,N1,亻; 山; 一; 丿; 𠂉
街,boulevard,N1,亻; 土
桁,girder,,木; 亻
衡,equilibrium,N1,亻; 𠂊; 田; 大; 行
稿,draft,N1,丿; 木; 亠; 口; 冂
稼,earnings,N1,丿; 木; 冖; 豕
程,extent,N3,丿; 木; 口; 王
税,tax,N2,丿; 木; 口
稚,immature,N1,丿; 木; 亻
和,harmony,N3,丿; 木; 口
移,shift,N2,丿; 木; 夕
秒,second,N2,丿; 木; 小
秋,autumn,N4,丿; 木; 火
愁,distress,N1,丿; 木; 火; 心
私,private,N4,丿; 木; 厶
秩,regularity,N1,丿; 木; 大
秘,secret,N1,丿; 木; 心
称,appellation,N1,丿; 木; 小
利,profit,N3,丿; 木; 刂
梨,pear tree,N1,丿; 木; 刂
穫,harvest,N1,丿; 木; 艹; 亻; 又
穂,ear of a plant,N1,丿; 木; 日; 丨; 心
稲,rice plant,N1,丿; 木; ⺤; 丨; 日
香,incense,N2,丿; 木; 日
季,seasons,N2,丿; 木; 子
委,committee,N2,丿; 木; 女
秀,excel,N1,丿; 木
透,transparent,N1,丿; 木; ⻌
誘,entice,N1,口; 丿; 木
稽,training,,丿; 木; 丶; 匕; 日
穀,cereals,N1,士; 冖; 丿; 木; 又
菌,germ,N1,艹; 囗; 丿; 木
萎,numb,,艹; 丿; 木; 女
米,rice,N3,米
粉,flour,N2,米; 八; 刀
粘,sticky,N1,米; 卜; 口
粒,grains,N2,米; 亠
粧,cosmetics,,米; 厂; 土
迷,astray,N3,米; ⻌
粋,chic,N1,米; 乙; 十
謎,riddle,,口; 米; 辶
糧,provisions,N1,米; 日; 一
菊,chrysanthemum,N1,艹; 丿; 米
奥,core,N2,丿; 冂; 米; 大
数,number,N3,米; 女; 𠂉; 丿
楼,watchtower,N1,木; 米; 女
類,sort,N3,米; 大; 目; 八
漆,lacquer,N1,氵; 木; 氺
膝,knee,,月; 木; 氺
様,Esq.,N3,木; 䒑; 氺
求,request,N3,氺; 丶
球,ball,N3,王; 氺; 丶
救,salvation,N1,氺; 丶; 𠂉; 丿
竹,bamboo,N2,
笑,laugh,N3,丿; 大
笠,bamboo hat,,亠
笹,bamboo grass,N1,一
箋,stationery,,弋; 丿; 丶
筋,muscle,N1,月; 力
箱,box,N3,木; 目
筆,writing brush,N2,⺕; 丨
筒,cylinder,N2,冂; 一; 口
等,etc.,N3,土; 寸
算,calculate,N2,目; 十; 丿
答,solution,N4,人; 一; 口
策,scheme,N1,木; 冂
簿,register,N1,氵; 用; 丶; 寸
築,fabricate,N2,工; 丿; 丶; 木
篭,basket,,亠
人,person,N5,人
佐,assistant,N1,亻; 工
侶,partner,,亻; 口; 丿
但,however,N1,亻; 日; 一
住,dwell,N4,亻; 丶; 王
位,rank,N3,亻; 亠
仲,go-between,N2,亻; 口; 丨
体,body,N4,亻; 木
悠,remote,N1,亻; 丨; 𠂉; 丿; 心
件,affair,N3,亻; 牛
仕,attend,N4,亻; 士
他,other,N3,亻; 乙
伏,prostrated,N1,亻; 大; 丶
伝,transmit,N3,亻; 二; 厶
仏,Buddha,N2,亻; 厶
休,rest,N5,亻; 木
仮,provisional,N1,亻; 厂; 又
伎,performing artist,N1,亻; 十; 又
伯,chief,N1,亻; 日
俗,vulgar,N1,亻; 口
信,faith,N3,亻; 口
佳,excellent,N1,亻; 土
依,reliant,N2,亻; 亠
例,example,N3,亻; 一; 夕; 刂
個,individual,N2,亻; 囗; 十; 口
健,healthy,N1,亻; ⺕; 丨; 廴
側,side,N3,亻; 目; 八; 刂
侍,waiter,N1,亻; 土; 寸
停,halt,N2,亻; 亠; 口; 冖; 一; 亅
値,price,N3,亻; 十; 目
倣,emulate,N1,亻; 亠; 𠂉; 丿
傲,arrogance,,亻; 土; 亠; 𠂉; 丿
倒,overthrow,N3,亻; 厶; 土; 刂
偵,spy,N1,亻; 卜; 目; 八
僧,Buddhist priest,N1,亻; 田; 日
億,hundred million,N2,亻; 亠; 日; 心
儀,ceremony,N1,亻; 䒑; 丿; 弋; 亅; 丶
償,reparation,N1,亻; ⺌; 冂; 口; 目; 八
仙,hermit,N1,亻; 山
催,sponsor,N1,亻; 山
仁,humanity,N1,亻
侮,scorn,N1,亻; 丿; 毋
使,use,N4,亻; 一; 口; 丿
便,convenience,N3,亻; 日; 丿
倍,double,N2,亻; 亠; 口
優,tenderness,N3,亻; 日; 冖; 心; 夂
伐,fell,N1,亻; 弋; 丿; 丶
宿,inn,N3,冖; 亻; 日
傷,wound,N1,亻; 𠂉; 日; 一; 勹
保,protect,N1,亻; 口; 木
褒,praise,N1,亠; 亻; 口; 木; 衣
傑,greatness,N1,亻; 夕; 㐄; 木
付,adhere,N3,亻; 寸
符,token,N2,亻; 寸
府,municipality,N2,厂; 亻; 寸
任,responsibility,N3,亻; 丿; 士
賃,fare,N1,亻; 丿; 士; 目; 八
代,substitute,N4,亻; 丶
袋,sack,N2,亻; 丶; 亠
貸,lend,N4,亻; 丶; 目; 八
化,change,N3,亻; 匕
花,flower,N4,艹; 亻; 匕
貨,freight,N2,亻; 匕; 目; 八
傾,lean,N2,亻; 匕; 目; 八
何,what,N5,亻; 一; 口; 亅
荷,baggage,N2,艹; 亻; 一; 口; 亅
俊,sagacious,N1,亻; 厶; 丿; 夂
傍,bystander,N1,亻; 亠; 冖
俺,myself,,亻; 大; 日
久,long time,N2,丿
畝,furrow,N1,亠; 田; 丿
囚,captured,N1,囗; 人
内,inside,N3,丨; 人
丙,third class,N1,一; 冂; 人
柄,design,N1,木; 一; 冂; 人
肉,meat,N4,肉
腐,rot,N1,厂; 亻; 寸; 肉
座,sit,N3,厂; 人; 土
挫,sprain,,扌; 人; 土
卒,graduate,N2,亠; 人; 十
傘,umbrella,N1,人; 十
匁,monme,N1,丿
以,by means of,N4,丶; 人
似,similar,N3,亻; 丶; 人
併,join,N1,亻; 十
瓦,tile,,丶
瓶,flower pot,N2,十; 丶
宮,Shinto shrine,N1,冖; 口; 丿
営,occupation,N2,⺍; 冖; 口; 丿
善,virtuous,N1,八; 口
膳,dining tray,,月; 䒑; 口
年,year,N5,丿; 十; 干
夜,night,N4,亠; 亻; 夕
液,fluid,N2,氵; 亠; 亻; 夕
塚,hillock,N1,土; 冖; 豕
幣,cash,N1,小; 冂; 𠂉; 丿; 巾
蔽,cover over,,艹; 小; 冂; 𠂉; 丿
弊,abuse,N1,小; 冂; 𠂉; 丿; 十
喚,yell,N1,口; 𠂊; 冂; 丿; 大
換,interchange,N2,扌; 𠂊; 冂; 丿; 大
融,dissolve,N1,一; 口; 冂; 丿; 丨
施,alms,N1,亠; 𠂉; 乙
旋,rotation,N1,亠; 𠂉; 卜; 人
遊,play,N3,亠; 𠂉; 子; ⻌
旅,trip,N4,亠; 𠂉; 亻
勿,not,,勹
物,thing,N4,牛; 勹
易,easy,N3,日; 勹
賜,grant,N1,目; 八; 日; 勹
尿,urine,N1,尸; 水
尼,nun,N1,尸; 匕
尻,buttocks,,尸; 乙
泥,mud,N2,氵; 尸; 匕
塀,fence,N1,土; 尸; 十
履,footgear,N1,尸; 亻; 𠂉; 日; 夂
屋,roof,N4,尸; 厶; 土
握,grip,N1,扌; 尸; 厶; 土
屈,yield,N1,尸; 山; 凵
掘,dig,N2,扌; 尸; 山; 凵
堀,ditch,N1,土; 尸; 山; 凵
居,reside,N3,尸; 十; 口
据,set,N1,扌; 尸; 十; 口
裾,hem,,衤; 尸; 十; 口
層,stratum,N2,尸; 田; 日
局,bureau,N3,尸; 丿; 口
遅,slow,N3,尸; 䒑; ⻌
漏,leak,N1,氵; 尸; 雨
刷,printing,N2,丿; 巾; 刂
尺,shaku,N1,八
尽,exhaust,N1,八
沢,swamp,N1,氵; 八
訳,translate,N1,口; 八
択,choose,N1,扌; 八
昼,daytime,N4,八; 日; 一
戸,door,N2,戸
肩,shoulder,N2,戸; 月
房,tassel,N1,戸; 亠
扇,fan,N1,戸
炉,hearth,N1,火; 戸
戻,re-,N3,戸; 大
涙,tears,N2,氵; 戸; 大
雇,employ,N2,戸; 亻
顧,look back,N1,戸; 亻; 目; 八
啓,disclose,N1,戸; 𠂉; 丿; 口
示,show,N3,
礼,salutation,N3,礻; 乙
祥,auspicious,N1,礻; 䒑
祝,celebrate,N2,礻; 口; 丿
福,blessing,N3,礻; 一; 口; 田
祉,welfare,N1,礻; 卜
社,company,N4,礻; 土
視,inspection,N1,礻; 目; 儿
奈,Nara,N1,大; 示
尉,military officer,N1,丿; 寸
慰,consolation,N1,尸; 寸; 心
款,goodwill,N1,士
禁,prohibition,N2,木
襟,collar,N1,衤; 木
宗,religion,N1,冖
崇,adore,N1,山; 冖
祭,ritual,N2,月; 示
察,guess,N3,冖; 月; 示
擦,grate,N1,扌; 冖; 月; 示
由,wherefore,N3,日; 丨
抽,pluck,N1,扌; 日; 丨
油,oil,N2,氵; 日; 丨
袖,sleeve,,衤; 日; 丨
宙,mid-air,N1,冖; 日; 丨
届,deliver,N2,尸; 日; 丨
笛,flute,N1,由
軸,axis,N1,車; 日; 丨
甲,armor,N1,日; 丨
押,push,N3,扌; 日; 丨
岬,headland,N1,山; 日; 丨
挿,insert,N1,扌; 丿; 十; 日
申,speaketh,N3,日; 丨
伸,expand,N2,亻; 日; 丨
神,gods,N3,礻; 日; 丨
捜,search,N2,扌; 日; 丨; 又
果,fruit,N3,日; 丨
菓,confectionary,N2,艹; 日; 田
課,chapter,N2,口; 日; 木
裸,naked,N1,衤; 日; 田
斤,ax,N1,斤
析,chop,N1,木; 斤
所,place,N3,戸; 斤
祈,pray,N2,礻; 斤
近,near,N4,斤; ⻌
折,fold,N3,扌; 斤
哲,philosophy,N1,扌; 斤; 口
逝,departed,N1,扌; 斤; ⻌
誓,vow,N1,扌; 斤; 口
斬,chop off,,車; 斤
暫,temporarily,N1,車; 斤; 日
漸,steadily,N1,氵; 車; 斤
断,severance,N3,米; 斤
質,substance,N4,斤; 目; 八
斥,reject,N1,丿; 丶
訴,accusation,N1,口; 斤; 丶
昨,yesterday,N3,日; 丿
詐,lie,N1,口; 丿
作,make,N4,亻; 丿
雪,snow,N3,雨; ⺕
録,record,N2,金; ⺕; 氺
剥,peel off,,⺕; 氺; 刂
尋,inquire,N1,⺕; 工; 口; 寸
急,hurry,N4,𠂊; ⺕; 心
穏,calm,N1,丿; 木; ⺤; ⺕; 心
侵,encroach,N1,亻; ⺕; 冖; 又
浸,immersed,N1,氵; ⺕; 冖; 又
寝,lie down,N3,冖; ⺦; ⺕; 又
婦,lady,N3,女; ⺕; 冖; 巾
掃,sweep,N2,扌; ⺕; 冖; 巾
当,hit,N3,⺌; ⺕
彙,glossary,,彑; 冖; 日; 田
争,contend,N3,丿; ⺕; 亅
浄,clean,N1,氵; 𠂊; ⺕; 亅
事,matter,N4,口; ⺕; 亅
唐,T'ang,,厂; ⺕; 口
糖,sugar,N1,米; 厂; ⺕; 口
康,sane,N1,厂; ⺕; 氺
逮,apprehend,N1,⺕; 氺; ⻌
伊,Italy,N1,亻; 尸; 丿
君,old boy,N3,尸; 丿; 口
群,flock,N2,尸; 丿; 口; 䒑
耐,-proof,N1,寸
需,demand,N1,雨; 冂
儒,Confucian,N1,亻; 雨; 冂
端,edge,N1,亠; 山; 冂
両,both,N3,一; 冂; 山
満,full,N3,氵; 十; 冂; 山
画,brush-stroke,N4,一; 丨; 凵
歯,tooth,N3,卜; 米; 凵
曲,bend,N3,日; 丨
曹,cadet,N1,日; 十
遭,encounter,N1,日; 十; ⻌
漕,rowing,,氵; 日; 十
槽,vat,N1,木; 日; 十
斗,Big Dipper,N1,丶
料,fee,N4,米; 丶
科,department,N3,丿; 木; 丶
図,map,N4,囗; ⺍; 丿
用,utilize,N4,用
庸,comfortable,N1,厂; ⺕; 用
備,equip,N3,亻; 艹; 厂; 用
昔,once upon a time,N3,十; 丿; 日
錯,confused,N1,金; 十; 丿; 日
借,borrow,N4,亻; 十; 丿; 日
惜,pity,N1,忄; 十; 丿; 日
措,set aside,N1,扌; 十; 丿; 日
散,scatter,N3,月; 𠂉; 丿
廿,twenty,,十
庶,commoner,N1,厂; 十; 灬
遮,intercept,N1,厂; 十; 灬; ⻌
席,seat,N3,厂; 十; 巾
度,degrees,N4,厂; 十; 又
渡,transit,N3,氵; 厂; 十; 又
奔,bustle,N1,大; 十; 丿
噴,erupt,N1,口; 十; 丿; 目; 八
墳,tomb,N1,土; 十; 丿; 目; 八
憤,aroused,N1,忄; 十; 丿; 目; 八
焼,bake,N2,火; 十; 丿; 一
暁,daybreak,N1,日; 十; 丿; 一
半,half,N5,丶; 二
伴,consort,N1,亻; 二
畔,paddy ridge,N1,田; 二
判,judgment,N3,二; 刂
拳,fist,N1,人; 手
券,ticket,N2,大; 人; 刀
巻,scroll,N2,大; 人; 己
圏,sphere,N1,囗; 人; 己
勝,victory,N3,月; 二; 人; 力
藤,wisteria,N1,艹; 月; 人; 氺
謄,facsimilie,N1,月; 二; 人; 口
片,one-sided,N2,片
版,printing block,N2,片; 厂; 又
之,of,N1,丶
乏,destitution,N1,丿; 丶
芝,turf,N1,艹; 丶
不,negative,N4,一; 丿; 丨
否,negate,N3,一; 丿; 丨; 口
杯,cupfuls,N3,木; 一; 丿; 丨
矢,dart,N1,大
矯,rectify,N1,大; 丿; 口; 冂
族,tribe,N4,亠; 𠂉; 大
知,know,N4,大; 口
智,wisdom,N1,大; 口; 日
挨,shove,,扌; 厶; 大
矛,halberd,N1,マ; 亅; 丿
柔,tender,N2,マ; 亅; 丿; 木
務,task,N3,マ; 亅; 丿; 𠂉; 力
霧,fog,N1,雨; マ; 亅; 丿; 𠂉; 力
班,squad,N1,王; 刂
帰,homecoming,N4,刂; ⺕; 冖; 巾
弓,bow,N1,弓
引,pull,N3,弓; 丨
弔,condolences,N1,弓; 丨
弘,vast,N1,弓; 厶
強,strong,N4,弓; 厶; 口; 丨
弥,more and more,N1,弓; 丿; 小
弱,weak,N2,弓
溺,drowning,,氵; 弓
沸,seethe,N2,氵; 弓; 丿; 丨
費,expense,N3,弓; 丿; 丨; 目; 八
第,No.,N1,弓; 丨; 丿
弟,younger brother,N4,八; 弓; 丨; 丿
巧,adroit,N1,工; 丂
号,nickname,N3,口; 一
朽,decay,N1,木; 丂
誇,boast,N1,口; 大
顎,chin,,口; 目; 八
汚,dirty,N2,氵
与,bestow,N3,一
写,copy,N4,冖; 一
身,somebody,,身
射,shoot,N1,身; 寸
謝,apologize,N1,口; 身; 寸
老,old man,N3,土; 匕
考,consider,N4,土; 丿
孝,filial piety,,十; 子
教,teach,N4,土; 子; 𠂉; 丿
拷,torture,N1,扌; 土; 丿
者,someone,N4,土; 日
煮,boil,N1,土; 日; 灬
著,renowned,N2,艹; 土; 日
箸,chopsticks,,土; 日
署,signature,N2,罒; 土; 日
暑,sultry,N1,日; 土
諸,various,N2,口; 土; 日
猪,boar,N1,⺨; 土; 日
渚,strand,N1,氵; 土; 日
賭,gamble,,目; 八; 土; 日
峡,gorge,N1,山; 大; 人; 二
狭,cramped,N1,⺨; 大; 人; 二
挟,sandwiched,N2,扌; 大; 人; 二
頬,cheek,,大; 人; 二; 目; 八
追,chase,N3,丿; ⻌
阜,large hill,,丿; 十
師,expert,N3,丿; 丨; 巾
帥,commander,N1,丿; 丨
官,bureaucrat,N3,冖; 口
棺,coffin,N1,木; 冖; 口
管,pipe,N2,冖; 口
父,father,N5,
釜,cauldron,,金
交,mingle,N3,亠; 父
効,merit,N2,亠; 父; 力
較,contrast,N1,車; 亠; 父
校,exam,N5,木; 亠; 父
足,leg,N4,口; 龰
促,stimulate,N1,亻; 口; 龰
捉,nab,,扌; 口; 龰
距,long-distance,N1,口; 匚; 二
路,path,N3,口; 夂
露,dew,N1,雨; 口; 夂
跳,hop,N1,口; 儿; 冫
躍,leap,N1,口; 亻
践,tread,N1,口; 一; 丿; 丶
踏,step,N1,口; 水; 日
踪,trail,,口; 冖
骨,skeleton,N2,月
滑,slippery,N1,氵; 月
髄,marrow,N1,月; ⻌
禍,calamity,N1,礻; 冂; 口
渦,whirlpool,N1,氵; 冂; 口
鍋,pot,,金; 冂; 口
過,overdo,N3,冂; 口; ⻌
阪,Heights,,⻖; 厂; 又
阿,Africa,N1,⻖; 一; 口; 亅
際,occasion,N3,⻖; 月; 示
障,hinder,N1,⻖; 亠; 日; 十
隙,chink,,⻖; 小; 日
随,follow,N1,⻖; 月; ⻌
陪,auxiliary,N1,⻖; 亠; 口
陽,sunshine,N3,⻖; 日; 一; 勹
陳,line up,N1,⻖; 木; 日
防,ward off,N2,⻖; 亠
附,affixed,N1,⻖; 亻; 寸
院,Inst.,N4,⻖; 冖; 二; 丿
陣,camp,N1,⻖; 車
隊,regiment,N1,⻖; 豕
墜,crash,N1,⻖; 豕; 土
降,descend,N3,⻖; 夂; 㐄
階,story,N2,⻖; 匕; 日
陛,highness,N1,⻖; 匕; 土
隣,neighboring,N1,⻖; 米; 夕; 㐄
隔,isolate,N1,⻖; 一; 口; 冂; 丿
隠,conceal,N1,⻖; ⺤; ⺕; 心
堕,degenerate,N1,⻖; 月; 土
陥,collapse,N1,⻖; 𠂊; 丨; 日
穴,hole,N1,冖; 八
空,empty,N4,冖; 八; 工
控,withdraw,N1,扌; 冖; 八; 工
突,stab,N3,冖; 八; 大
究,research,N4,冖; 八; 乙
窒,plug up,N1,冖; 八; 厶; 土
窃,stealth,N1,冖; 八; 一; 刀
窟,cavern,,冖; 八; 尸; 山; 凵
窪,depression,,冖; 八; 氵; 土
搾,squeeze,N1,扌; 冖; 八; 丿
窯,kiln,N1,冖; 八; 䒑; 灬
窮,hard up,N1,冖; 八; 身; 弓
探,grope,N3,扌; 冖; 丿; 木
深,deep,N3,氵; 冖; 丿; 木
丘,hill,N1,丿; 一
岳,Point,N1,丿; 一; 山
兵,soldier,N2,丿; 一
浜,seacoast,N1,氵; 斤; 一
糸,thread,N2,糸
織,weave,N1,糸; 弋; 日; 丿; 丶
繕,darning,N1,糸; 䒑; 口
縮,shrink,N1,糸; 冖; 亻; 日
繁,luxuriant,N1,丿; 毋; 𠂉; 糸
縦,vertical,N1,糸; 亻; 卜; 人
緻,fine,,糸; 厶; 土; 𠂉; 丿
線,line,N2,糸; 日; 水
綻,come apart at the seams,,糸; 冖; 卜; 人
締,tighten,N1,糸; 亠; 冖; 巾
維,fiber,N1,糸; 亻
羅,gauze,N1,罒; 糸; 亻
練,practice,N2,糸; 木; 日
緒,thong,N3,糸; 土; 日
続,continue,N3,糸; 士; 冖; 丿
絵,picture,N3,糸; 人; 二; 厶
統,overall,N1,糸; 亠; 厶; 丿
絞,strangle,N1,糸; 亠; 父
給,salary,N3,糸; 人; 一; 口
絡,entwine,N2,糸; 夂; 口
結,tie,N1,糸; 士; 口
終,end,N4,糸; 夂; 冫
級,class,N1,糸; 丿; 又
紀,chronicle,N1,糸; 己
紅,crimson,N2,糸; 工
納,settlement,N1,糸; 冂; 人
紡,spinning,N1,糸; 亠
紛,distract,N1,糸; 八; 刀
紹,introduce,N2,糸; 刀; 口
経,sutra,N3,糸; 又; 土
紳,sire,N1,糸; 日; 丨
約,promise,N3,糸; 丿; 丶
細,dainty,N2,糸; 田
累,accumulate,N1,田; 糸
索,cord,N1,十; 冖; 糸
総,general,N2,糸; 八; 厶; 心
綿,cotton,N2,糸; 日; 巾
絹,silk,N1,糸; 口; 月
繰,winding,N1,糸; 口; 木
継,inherit,N1,糸; 米
緑,green,N2,糸; ⺕; 氺
縁,affinity,N1,糸; 豕
網,netting,N1,糸; 冂; 匸
緊,tense,N1,臣; 又; 糸
紫,purple,N1,卜; 匕; 糸
縛,truss,N1,糸; 用; 丶; 寸
縄,straw rope,N1,糸; 日
幼,infancy,N2,幺; 力
後,behind,N5,亻; 幺; 夂
幽,faint,N1,丨; 幺; 山
幾,how many,N3,幺; 厂; 一; 弋; 丿; 丶
機,mechanism,N3,木; 幺; 厂; 一; 弋; 丿; 丶
畿,capital suburbs,,幺; 弋; 田; 丿; 丶
玄,mysterious,N1,亠; 幺
畜,livestock,N2,亠; 幺; 田
蓄,amass,N1,艹; 亠; 幺; 田
弦,bowstring,N1,弓; 亠; 幺
擁,hug,N1,扌; 亠; 乡; 亻
滋,nourishing,N1,氵; 亠; 幺
慈,mercy,N1,八; 幺; 心
磁,magnet,N1,口; 亠; 幺
系,lineage,N1,丿; 糸
係,person in charge,N3,亻; 丿; 糸
孫,grandchild,N2,子; 丿; 糸
懸,suspend,N1,目; 小; 丿; 糸; 心
遜,modest,,子; 丿; 糸; 辶
却,instead,N1,土; 厶; 卩
脚,shins,N1,月; 土; 厶; 卩
卸,wholesale,N1,干; 卜; 卩
御,honorable,N3,亻; 干; 卜; 卩
服,clothing,N4,月; 卩; 又
命,fate,N3,人; 一; 口; 卩
令,orders,N2,人; 一; マ
零,zero,N2,雨; 人; 一; マ
齢,age,N2,卜; 米; 凵; 人; 一; 卩
冷,cool,N3,人; 一; マ
領,jurisdiction,N2,人; 一; 卩; 目; 八
鈴,small bell,N1,金; 人; 一; マ
勇,courage,N2,マ; 田; 力
湧,bubble up,N1,氵; マ; 田; 力
通,traffic,N4,マ; 用; ⻌
踊,jump,N2,口; マ; 用
疑,doubt,N3,匕; 大; マ; 卜; 人
擬,mimic,N1,扌; 匕; 大; マ; 卜; 人
凝,congeal,N1,匕; 大; マ; 卜; 人
範,pattern,N1,車; 卩
犯,crime,N3,⺨; 㔾
氾,widespread,,氵; 卩
厄,unlucky,N1,厂; 卩
危,dangerous,N3,丿; 厂; 卩
宛,address,,冖; 夕; 卩
腕,arm,N2,月; 冖; 夕; 卩
苑,garden,N1,艹; 夕; 卩
怨,grudge,,夕; 卩; 心
柳,willow,N1,木; 丿; 卩
卵,egg,N2,丶; 丿; 卩
留,detain,N3,丿; 田
瑠,marine blue,N1,王; 丿; 田
貿,trade,N2,丿; 目; 八
印,stamp,N2,丿; 丨; 卩
臼,mortar,,臼
毀,break,,臼; 土; 丿; 又
興,entertain,N1,𦥑; 冂; 一; 口; 八
酉,sign of the bird,N1,西; 一
酒,sake,N3,氵; 西; 一
酌,bartending,N1,西; 一; 丿; 丶
酎,hooch,,西; 一; 寸
酵,fermentation,N1,西; 一; 土; 子
酷,cruel,N1,西; 一; 牛; 口
酬,repay,N1,西; 一; 丶; 川
酪,dairy products,N1,西; 一; 夂; 口
酢,vinegar,N1,西; 一; 丿
酔,drunk,N1,西; 一; 乙; 十
配,distribute,N3,西; 一; 己
酸,acid,N1,西; 一; 厶; 丿; 夂
猶,waver,N1,⺨; 西; 一
尊,revered,N2,西; 一; 寸
豆,beans,N1,口
頭,head,N3,口; 目; 八
短,short,N2,大; 口
豊,bountiful,N2,日; 丿; 十; 口
鼓,drum,N1,豆; 口; 十; 又
喜,rejoice,N3,士; 口
樹,timber-trees,N1,木; 豆; 口; 寸
皿,dish,N2,皿
血,blood,N2,皿
盆,basin,N1,八; 刀; 皿
盟,alliance,N1,日; 月; 皿
盗,steal,N3,欠; 皿
温,warm,N2,氵; 日; 皿
蓋,lid,,艹; 土; 厶; 皿
監,oversee,N1,臣; 𠂉; 皿
濫,overflow,N1,氵; 臣; 𠂉; 皿
鑑,specimen,N1,金; 臣; 𠂉; 皿
藍,indigo,N1,艹; 臣; 𠂉; 皿
猛,fierce,N1,⺨; 子; 皿
盛,boom,N1,丿; 弋; 𠂊; 丶; 皿
塩,salt,N2,土; 𠂉; 口; 皿
銀,silver,N4,金; 艮
恨,resentment,N1,忄; 艮
根,root,N2,木; 艮
即,instant,N1,艮; 厶
爵,baron,N1,⺤; 罒; 艮; 寸
節,node,N1,艮; 厶
退,retreat,N3,艮; ⻌
限,limit,N3,⻖; 艮
眼,eyeball,N1,目; 艮
良,good,N3,艮
朗,melodious,N1,艮; 月
浪,wandering,N1,氵; 艮
娘,daughter,N3,女; 艮
食,eat,N5,食
飯,meal,N4,飠; 厂; 又
飲,drink,N4,飠; 欠
飢,hungry,N1,飠; 丿
餓,starve,N1,飠; 丿; 弋; 亅; 丶
飾,decorate,N1,飠; 𠂉; 巾
餌,feed,,⻞; 耳
館,Bldg.,N4,飠; 冖; 口
餅,mochi,,⻞; 十
養,foster,N1,䒑; 食
飽,sated,N1,飠; 丿; 己
既,previously,N1,艮; 丿
概,outline,N1,木; 艮; 丿
慨,rue,N1,忄; 艮; 丿
平,even,N3,一; 十
呼,call,N3,口; 丿; 亅
坪,two-mat area,N1,土; 干; 十
評,evaluate,N1,口; 干; 十
刈,reap,N1,丿; 刂
刹,moment,,丿; 木; 刂
希,hope,N2,丿; 巾
凶,villain,N1,丿; 凵
胸,bosom,N2,月; 丿; 凵
離,detach,N1,亠; 丿; 凵; 冂; 亻
璃,crystal,N1,王; 亠; 丿; 凵; 冂
殺,kill,N3,丿; 木; 又
爽,bracing,N1,大; 乂
純,genuine,N2,糸; 丿; 凵
頓,immediate,,丿; 凵; 目; 八
鈍,dull,N2,金; 丿; 凵
辛,spicy,N2,亠; 十
辞,resign,N3,千; 口; 亠; 十
梓,catalpa,N1,木; 亠; 十
宰,superintend,N1,冖; 亠; 十
壁,wall,N1,尸; 口; 亠; 十; 土
璧,holed gem,,尸; 口; 亠; 十; 王; 丶
避,evade,N1,尸; 口; 亠; 十; ⻌
新,new,N4,亠; 木; 斤
薪,firewood,N1,艹; 亠; 木; 斤
親,parent,N4,亠; 木; 目; 儿
幸,happiness,N3,土; 䒑; 十
執,tenacious,N1,土; 䒑; 十; 乙; 丶
摯,clasp,,土; 䒑; 十; 乙; 丶; 手
報,report,N3,土; 䒑; 十; 卩; 又
叫,shout,N2,口; 丨
糾,twist,N1,糸; 丨
収,income,N3,丨; 又
卑,lowly,N1,丿; 田; 十
碑,tombstone,N1,口; 丿; 田; 十
陸,land,N2,⻖; 土; 丿
睦,intimate,N1,目; 土; 丿
勢,forces,N2,土; 丿; 乙; 丶; 力
熱,heat,N3,土; 丿; 乙; 丶; 灬
菱,diamond,,艹; 土; 丿; 夂
陵,mausoleum,N1,⻖; 土; 丿; 夂
亥,sign of the hog,N1,亠; 人
核,nucleus,N1,木; 亠; 人
刻,engrave,N3,亠; 人; 刂
該,above-stated,N1,口; 亠; 人
骸,remains,,月; 亠; 人
劾,censure,N1,亠; 人; 力
述,mention,N2,木; 丶; ⻌
術,art,N3,亻; 木; 丶; 行
寒,cold,N3,冖; 一
塞,block up,,冖; 一; 八; 土
醸,brew,N1,西; 一; 亠; 八; 𧘇
譲,defer,N1,口; 亠; 八; 一; 𧘇
壌,lot,N1,土; 亠; 八; 一; 𧘇
嬢,lass,N1,女; 亠; 八; 一; 𧘇
毒,poison,N2,一; 三; 毋
素,elementary,N1,三; 糸
麦,barley,N2,龶; 夂
青,blue,N4,龶; 月
精,refined,N3,米; 龶; 月
請,solicit,N1,口; 龶; 月
情,feelings,N3,忄; 龶; 月
晴,clear up,N3,日; 龶; 月
清,pure,N2,氵; 龶; 月
静,quiet,N3,龶; 月; 𠂊; ⺕; 亅
責,blame,N3,龶; 目; 八
績,exploits,N2,糸; 龶; 目; 八
積,volume,N3,丿; 木; 龶; 目; 八
債,bond,N1,亻; 龶; 目; 八
漬,pickling,N1,氵; 龶; 目; 八
表,surface,N3,二; 丨; 亠
俵,bag,N1,亻; 二; 亠
潔,undefiled,N1,氵; 刀; 糸
契,pledge,N1,龶; 刀; 大
喫,consume,N2,口; 龶; 刀; 大
害,harm,N3,冖; 龶; 口
轄,control,N1,車; 冖; 龶; 口
割,proportion,N3,冖; 龶; 口; 刂
憲,constitution,N1,冖; 罒; 心
生,life,N5,生
星,star,N2,日; 生
醒,awakening,,西; 一; 日; 生
姓,surname,N2,女; 生
性,sex,N3,忄; 生
牲,animal sacrifice,N1,牛; 生
産,products,N3,亠; 厂; 生
隆,hump,N1,⻖; 夂; 生
峰,summit,N1,山; 夂; 一; 丨
蜂,bee,,口; 丨; 夂; 一
縫,sew,N1,糸; 夂; 一; 丨; ⻌
拝,worship,N2,扌; 一; 丨
寿,longevity,,一; 丿; 寸
鋳,casting,N1,金; 一; 丿; 寸
籍,enroll,N2,丿; 木; 十; 日
春,springtime,N4,一; 人; 日
椿,camellia,N1,木; 一; 人; 日
泰,peaceful,N1,一; 人; 氺
奏,play music,N1,一; 人; 大
実,reality,N3,冖; 一; 人
奉,dedicate,N1,一; 丿; 丨
俸,stipend,N1,亻; 一; 人; 丨
棒,rod,N2,木; 一; 人; 丨
謹,discreet,N1,口; 艹; 一
僅,trifle,,亻; 艹; 一
勤,diligence,N3,艹; 一; 力
漢,Sino-,N4,氵; 艹; 口; 大
嘆,sigh,N1,口; 艹; 大
難,difficult,N3,艹; 口; 大; 亻
華,splendor,N1,艹; 丨
垂,droop,N1,丿; 十
唾,saliva,,口; 丿; 十
睡,drowsy,N1,目; 丿; 十
錘,spindle,N1,金; 丿; 十
乗,ride,N3,丿; 十
剰,surplus,N1,丿; 十; 刂
今,now,N5,人; 一
含,include,N2,人; 一; 口
貪,covet,,人; 一; 目; 八
吟,versify,N1,口; 人; 一
念,wish,N3,人; 一; 心
捻,wrench,,扌; 人; 一; 心
琴,harp,N1,王; 人; 一
陰,shade,N1,⻖; 人; 一; 二; 厶
予,beforehand,N3,マ; 亅
序,preface,N1,厂; マ; 亅
預,deposit,N2,マ; 亅; 目; 八
野,plains,N4,日; 亅
兼,concurrently,N1,⺕; 丨
嫌,dislike,N1,女; ⺕; 丨
鎌,sickle,N1,金; ⺕; 丨
謙,self-effacing,N1,口; ⺕; 丨
廉,bargain,N1,厂; ⺕; 丨
西,west,N5,西
価,value,N1,亻; 覀
要,need,N3,覀; 女
腰,loins,N2,月; 覀; 女
票,ballot,N1,覀
漂,drift,N1,氵; 覀
標,signpost,N1,木; 覀
栗,chestnut,N1,覀; 木
慄,shudder,,忄; 覀; 木
遷,transition,N1,覀; 大; 己; ⻌
覆,capsize,N1,覀; 亻; 𠂉; 日; 夂
煙,smoke,N3,火; 覀; 土
南,south,N5,十; 冂
楠,camphor tree,N1,木; 十; 冂
献,offering,N1,十; 冂; 大; 丶
門,gates,N2,
問,question,N4,口
閲,review,N1,口; 丿
閥,clique,N1,亻; 弋; 丿; 丶
間,interval,N5,日
闇,pitch dark,,亠; 日
簡,simplicity,N2,日
開,open,N4,十
閉,closed,N3,亅
閣,tower,N1,夂; 口
閑,leisure,N1,木
聞,hear,N5,耳
潤,wet,N1,氵; 王
欄,column,N1,木; 口; 日
闘,fight,N1,口; 寸
倉,godown,N1,人; 口
創,genesis,N1,人; 口; 刂
非,un-,N3,
俳,haiku,N1,亻
排,repudiate,N1,扌
悲,sad,N3,心
罪,guilt,N3,罒
輩,comrade,N1,車
扉,front door,N1,戸
侯,marquis,N1,亻; 大
喉,throat,,口; 亻; 大
候,climate,N3,亻; 丨; 大
決,decide,N3,氵; 人
快,cheerful,N2,忄; 人
偉,admirable,N3,亻; 口
違,difference,N3,口; ⻌
緯,horizontal,N1,糸; 口
衛,defense,N1,亻; 口
韓,Korea,,十; 日; 口
干,dry,N2,十
肝,liver,N1,月; 十
刊,publish,N2,十; 刂
汗,sweat,N2,氵; 十
軒,flats,N2,車; 十
岸,beach,N2,山; 厂; 十
幹,tree trunk,N1,十; 日; 人
芋,potato,N1,艹; 亅
宇,eaves,N2,冖; 亅
余,too much,N3,人; 小
除,exclude,N3,⻖; 人; 小
徐,gradually,N1,亻; 人; 小
叙,confer,N1,人; 小; 又
途,route,N3,人; 小; ⻌
斜,diagonal,N1,人; 小; 丶
塗,paint,N2,氵; 人; 小; 土
束,bundle,N3,木; 口; 丿
頼,trust,N3,木; 口; 目; 八
瀬,rapids,N1,氵; 木; 口; 目; 八
勅,imperial order,N1,木; 口; 力
疎,alienate,N1,卜; 人; 木; 口
辣,bitter,,亠; 十; 木; 口
速,quick,N3,木; 口; ⻌
整,organize,N1,木; 口; 𠂉; 丿; 卜
剣,saber,N1,人; 一; 口; 刂
険,precipitous,N3,⻖; 人; 一; 口
検,examination,N1,木; 人; 一; 口
倹,frugal,N1,亻; 人; 一; 口
重,heavy,N4,丿; 十
動,move,N4,丿; 十; 力
腫,tumor,,月; 丿; 十
勲,meritorious deed,N1,丿; 十; 力; 灬
働,work,N3,亻; 丿; 十; 力
種,species,N3,丿; 木; 十
衝,collide,N1,亻; 丿; 十
薫,fragrant,N1,艹; 丿; 十; 灬
病,ill,N4,疒; 一; 冂; 人
痴,stupid,N1,疒; 大; 口
痘,pox,N1,疒; 口
症,symptoms,N1,疒; 卜
瘍,carbuncle,,疒; 日; 一; 勹
痩,lose weight,,疒; 日; 丨; 又
疾,rapidly,N1,疒; 大
嫉,envy,,女; 疒; 大
痢,diarrhea,N1,疒; 丿; 木; 刂
痕,scar,,疒; 艮
疲,tired,N3,疒; 皮
疫,epidemic,N1,疒; 丿; 又
痛,pain,N3,疒; マ; 用
癖,mannerism,N1,疒; 尸; 口; 亠; 十
匿,hide,N1,匸; 艹; 口
匠,artisan,N1,匚; 斤
医,doctor,N4,匸; 大
匹,equal,N2,匸; 丿
区,ward,N2,匸; 丿
枢,hinge,N1,木; 匚; 丿
殴,assault,N1,匚; 丿; 又
欧,Europe,N2,匚; 丿
抑,repress,N1,扌; 卩
仰,faceup,N1,亻; 卩
迎,welcome,N3,卩; ⻌
登,ascend,N3,口
澄,lucidity,N1,氵; 口
発,discharge,N4,丿
廃,abolish,N1,厂; 丿
僚,colleague,N1,亻; 大; 日; 小
瞭,obvious,N1,目; 大; 日; 小
寮,dormitory,N1,冖; 大; 日; 小
療,heal,N2,疒; 大; 日; 小
彫,carve,N1,冂; 士; 口; 彡
形,shape,N3,十; 彡
影,shadow,N1,日; 亠; 口; 小; 彡
杉,cedar,N1,木; 彡
彩,coloring,N1,⺤; 木; 彡
彰,patent,N1,亠; 日; 十; 彡
彦,lad,N1,厂; 彡
顔,face,N3,厂; 彡; 目
須,ought,N1,彡; 目; 八
膨,swell,N1,月; 豆; 口; 彡
参,visit,N3,厶; 大; 彡
惨,wretched,N1,忄; 厶; 大; 彡
修,discipline,N1,亻; 丨; 𠂉; 丿; 彡
珍,rare,N2,王; 人; 彡
診,checkup,N1,口; 人; 彡
文,sentence,N4,亠; 乂
対,vis-a-vis,N3,亠; 乂; 寸
紋,family crest,N1,糸; 亠; 乂
蚊,mosquito,N1,口; 丨; 亠; 乂
斑,speckled,,王; 亠; 乂
斉,adjusted,N1,亠; 乂
剤,dose,N1,亠; 刂
済,finish,N3,氵; 亠; 乂
斎,purification,N1,亠; 乂; 斉; 二; 小
粛,solemn,N1,⺕; 丨; 米
塁,bases,N1,田; 土
楽,music,N4,日; 冫; 木
薬,medicine,N3,艹; 日; 冫; 木
率,ratio,N1,亠; 幺; 十
渋,astringent,N1,氵; 卜
摂,vicarious,N1,扌; 耳
央,center,N2,丨; 大
英,England,N4,艹; 大
映,reflect,N4,日; 大
赤,red,N4,土
赦,pardon,N1,土; 𠂉; 丿
変,unusual,N3,亠; 丿; 亅; 夂
跡,tracks,N2,口; 亠; 丿; 亅
蛮,barbarian,N1,亠; 丿; 亅; 口; 丨
恋,romance,N2,亠; 丿; 亅; 心
湾,gulf,N2,氵; 亠; 丿; 亅; 弓
黄,yellow,N2,龷; 由; 八
横,sideways,N3,木; 龷; 由; 八
把,grasp,N1,扌; 己
色,color,N4,𠂊; 己
絶,discontinue,N3,糸; 𠂊; 己
艶,glossy,N1,日; 十; 丿; 𠂊; 己
肥,fertilizer,N1,月; 己
甘,sweet,N2,十; 廿
紺,navy blue,N1,糸; 十; 廿
某,so-and-so,N1,十; 廿; 木
謀,conspire,N1,口; 十; 廿; 木
媒,mediator,N1,女; 十; 廿; 木
欺,deceit,N1,十; 廿; 八
棋,chess piece,N1,木; 十; 廿; 八
旗,national flag,N1,亠; 𠂉; 十; 廿; 八
期,period,N3,十; 廿; 八; 月
碁,Go,N1,十; 廿; 八; 口
基,fundamentals,N1,十; 廿; 八; 土
甚,tremendously,N1,丨; 廿; 匚; 丿
勘,intuition,N1,十; 廿; 匚; 丿; 力
堪,withstand,N1,土; 十; 廿; 匚; 丿
貴,precious,N1,口; 丨; 目; 八
遺,bequeath,N1,口; 丨; 目; 八; ⻌
遣,dispatch,N1,口; 丨; ⻌
潰,defile,,氵; 口; 丨; 目; 八
舞,dance,N3,丿; 一; 夕; 㐄
無,nothingness,,丿; 一; 灬
組,association,N3,糸; 月; 一
粗,coarse,N1,米; 月; 一
租,tariff,N1,丿; 木; 月; 一
狙,aim at,,⺨; 月; 一
祖,ancestor,N3,礻; 月; 一
阻,thwart,N1,⻖; 月; 一
査,investigate,N2,木; 月; 一
助,help,N3,月; 一; 力
宜,best regards,N1,冖; 月; 一
畳,tatami mat,N2,田; 冖; 月; 一
並,row,N2,八; 一; 业
普,universal,N2,八; 一; 业; 日
譜,musical score,N1,口; 一; 业; 日
湿,damp,N2,氵; 日; 业
顕,appear,N1,日; 业; 目; 八
繊,slender,N1,糸; 弋; 业; 丿; 丶
霊,spirits,N1,雨; 一; 业
業,profession,N4,丶; 羊
撲,slap,N1,扌; 业; 一; 人
僕,me,N1,亻; 业; 一; 人
共,together,N3,八
供,submit,N3,亻; 八
異,uncommon,N1,田; 八
翼,wing,N1,田; 八
戴,accept humbly,,十; 弋; 田; 龷; 八; 丿; 丶
洪,deluge,N1,氵; 八
港,harbor,N3,氵; 八; 己
暴,outburst,N2,日; 八; 氺
爆,bomb,N2,火; 日; 八; 氺
恭,respect,N1,八; ⺗
選,elect,N3,己; 八; ⻌
殿,Mr.,N2,尸; 八; 丿; 又
井,well,N1,二; 十; 丿
丼,donburi,,二; 十; 丿; 丶
囲,surround,N2,囗; 二; 十; 丿
耕,till,N2,丿; 木; 二; 十
亜,Asia,N1,一; 口; 二
悪,bad,N4,一; 口; 二; 心
円,circle,N5,冂
角,angle,N2,𠂊
触,contact,N2,𠂊; 口; 丨
解,unravel,N3,𠂊; 刀; 牛
再,again,N2,一; 冂; 土
講,lecture,N2,口; 一; 冂; 土
購,subscription,N1,目; 八; 一; 冂; 土
構,posture,N3,木; 一; 冂; 土
溝,gutter,N1,氵; 一; 冂; 土
論,argument,N3,口; 人; 一; 冂; 十; 丿
倫,ethics,N1,亻; 人; 一; 冂; 十; 丿
輪,wheel,N2,車; 人; 一; 冂; 十; 丿
偏,partial,N1,亻; 戸; 冂; 十; 丿
遍,everywhere,N1,戸; 冂; 十; 丿; ⻌
編,compilation,N2,糸; 戸; 冂; 十; 丿
冊,tome,N2,丨; 丿; 十
柵,palisade,,木; 冂; 丿; 十
典,code,N1,日; 丿; 十
氏,family name,N1,氏
紙,paper,N4,糸; 氏
婚,marriage,N3,女; 氏; 日
低,lower,N2,亻; 氏; 一
抵,resist,N1,扌; 氏; 一
底,bottom,N2,厂; 氏; 一
民,people,N3,一
眠,sleep,N3,目; 氏
捕,catch,N3,扌; 用; 丶
哺,suckle,,口; 用; 丶
浦,bay,N1,氵; 用; 丶
蒲,bullrush,,艹; 氵; 用; 丶
舗,shop,N1,人; 士; 口; 用; 丶
補,supplement,N2,衤; 用; 丶
邸,residence,N1,氏; 一; ⻏
郭,enclosure,N1,亠; 口; 子; ⻏
郡,county,N1,尸; 丿; 口; ⻏
郊,outskirts,N2,亠; 父; ⻏
部,section,N3,亠; 口; ⻏
都,metropolis,N3,土; 日; ⻏
郵,mail,N2,丿; 十; ⻏
邦,home country,N1,一; 丿; ⻏
那,interrogative,N1,⻏
郷,hometown,N1,乡; 艮; ⻏
響,echo,N1,乡; 艮; ⻏; 亠; 日
郎,son,N1,艮; ⻏
廊,corridor,N1,厂; 艮; ⻏
盾,shield,N1,丿; 十; 目
循,sequential,N1,亻; 厂; 十; 目
派,faction,N1,氵; 丿; 亻
脈,vein,N1,月; 丿; 亻
衆,masses,N1,皿; 亻
逓,parcel post,N1,丿; 巾; ⻌
段,grade,N3,丿; 又
鍛,forge,N1,金; 丿; 又
后,empress,N1,丿; 口
幻,phantasm,N1,幺
司,director,N1,一; 口
伺,pay respects,N2,亻; 一; 口
詞,parts of speech,N2,口; 一
飼,domesticate,N1,飠; 一; 口
嗣,heir,N1,口; 冂; 十; 丿; 一
舟,boat,N2,舟
舶,liner,N1,舟; 日
航,navigate,N2,舟; 亠; 丿
舷,gunwale,,舟; 亠; 幺
般,carrier,N2,舟; 丿; 又
盤,tray,N1,舟; 丿; 又; 皿
搬,conveyor,N1,扌; 舟; 丿; 又
船,ship,N3,舟; 八; 口
艦,warship,N1,舟; 臣; 𠂉; 皿
艇,rowboat,N1,舟; 丿; 士; 廴
瓜,melon,,丿; 厶
弧,arc,N1,弓; 丿; 厶
孤,orphan,N1,子; 丿; 厶
繭,cocoon,N1,艹; 冂; 糸; 口; 丨
益,benefit,N1,皿
暇,spare time,N1,日; 又
敷,spread,N1,用; 丶; 亠; 𠂉; 丿
来,come,N5,丿
気,spirit,N5,𠂉; 丿
汽,vapor,N1,氵; 𠂉
飛,fly,N3,十; 丿
沈,sink,N2,氵; 冖; 丿
枕,pillow,,木; 冖; 丿
妻,wife,N3,⺕; 女
凄,nifty,,⺕; 女
衰,decline,N1,亠; 口; 衣
衷,inmost,N1,亠; 口; 丨; 衣
面,mask,N3,面
麺,noodles,,龶; 夂; 面
革,leather,N2,十; 口
靴,shoes,N3,十; 亻; 匕
覇,hegemony,N1,覀; 十; 月
声,voice,N3,士
眉,eyebrow,N1,丿; 目
呉,give,N1,口
娯,recreation,N1,女; 口
誤,mistake,N3,口
蒸,steam,N2,艹; 亅; 水; 一; 灬
承,acquiesce,N2,手; 一; 丿
函,bin,,一; 凵
極,poles,N2,木; 二; 口; 又; 一
牙,tusk,,亅; 丿
芽,bud,N1,艹; 亅; 丿
邪,wicked,N1,亅; 丿; ⻏
雅,gracious,N1,亅; 丿; 亻
釈,interpretation,N1,丿; 米; 八
番,turn,N3,丿; 米; 田
審,hearing,N1,冖; 丿; 米; 田
翻,flip,N1,丿; 米; 田
藩,clan,N1,艹; 氵; 丿; 米; 田
毛,fur,N2,毛
耗,decrease,N1,丿; 木; 毛
尾,tail,N1,尸; 毛
宅,home,N3,冖; 丿; 一
託,consign,N1,口; 丿; 一
為,do,N1,丶; 丿; 勹; 灬
偽,falsehood,N1,亻; 丶; 丿; 勹; 灬
畏,apprehensive,,田; 一
長,long,N5,長
張,lengthen,N1,弓; 長
帳,notebook,N1,巾; 長
脹,dilate,N1,月; 長
髪,hair of the head,N3,厶; 彡; 又
展,unfold,N1,尸; 十; 丿
喪,miss,N1,丨; 口; 亠
巣,nest,N1,丶; 日; 田
単,simple,N3,丶; 日; 一; 丨
戦,war,N3,⺍; 日; 一; 丨; 弋; 丿; 丶
禅,Zen,N1,礻; ⺍; 日; 一; 丨
弾,bullet,N1,弓; ⺍; 日; 一; 丨
桜,cherry tree,N1,木; ⺍; 女
獣,animal,N1,⺍; 田; 口; 大; 丶
脳,brain,N2,月; ⺍; 丿; 凵
悩,trouble,N2,忄; ⺍; 丿; 凵
厳,stern,N1,⺍; 厂; 耳; 𠂉; 丿
鎖,chain,N1,金; ⺌; 目; 八
挙,raise,N1,⺍; 手
誉,reputation,N1,⺍; 口
猟,game hunting,N1,⺨; ⺍; 用
鳥,bird,N4,灬
鳴,chirp,N3,口; 灬
鶴,crane,N1,冖; 亻; 灬
烏,crow,,丿; 灬
蔦,vine,N1,艹; 灬
鳩,pigeon,N1,乙; 灬
鶏,chicken,N1,⺤; 大; 灬
島,island,N2,丿; 山
暖,warmth,N1,日; ⺤; 又
媛,beautiful woman,N1,女; ⺤; 又
援,abet,N1,扌; ⺤; 又
緩,slacken,N1,糸; ⺤; 又
属,belong,N1,尸; 丿; 虫; 冂
嘱,entrust,N1,口; 尸; 丿; 虫; 冂
偶,accidentally,N3,亻; 田; 冂
遇,interview,N1,田; 冂; ⻌
愚,foolish,N1,田; 冂; 心
隅,corner,N2,⻖; 田; 冂
逆,inverted,N2,凵; 丿; ⻌
塑,model,N1,凵; 丿; 月; 土
遡,go upstream,,凵; 丿; 月; 辶
岡,Mount,,冂; 山
鋼,steel,N1,金; 冂; 山
綱,hawser,N1,糸; 冂; 山
剛,sturdy,N1,丨; 山; 刂
缶,tin can,N2,缶
陶,pottery,N1,⻖; 丿; 缶
揺,swing,N1,扌; ⺤; 山
謡,Noh chanting,N1,口; ⺤; 山
鬱,gloom,,缶; 木; 冖; 凵; 匕; 彡
就,concerning,N1,亠; 口; 小; 丿; 丶
蹴,kick,,口; 亠; 小; 丿; 丶
懇,sociable,N1,豸; 艮; 心
墾,groundbreaking,N1,豸; 艮; 土
貌,countenance,,豸; 日; 丿
免,excuse,N1,𠂊; 丿
逸,elude,N1,𠂊; 丿; ⻌
晩,nightfall,N3,日; 𠂊; 丿
勉,exertion,N4,𠂊; 丿; 力
象,elephant,N2,𠂊; 豕
像,statue,N2,亻; 𠂊; 豕
馬,horse,N3,灬
駒,pony,N1,灬; 丿; 口
験,verification,N4,灬; 人; 一; 口
騎,equestrian,N1,灬; 大; 一; 口; 亅
駐,parking,N2,灬; 丶; 王
駆,drive,N1,灬; 匚; 丿
駅,station,N4,灬; 八
騒,boisterous,N1,灬; 又; 口; 丨
駄,burdensome,N1,灬; 大; 丶
驚,wonder,N1,艹; 丿; 口; 𠂉; 灬
篤,fervent,N1,灬
罵,insult,,罒; 灬
騰,inflation,N1,月; 二; 人; 灬
虎,tiger,N1,一; 丿
虜,captive,N1,一; 田; 力
膚,skin,N2,一; 田; 月
虚,void,N1,一; 业
戯,frolic,N1,一; 弋; 丿; 丶
虞,uneasiness,N1,一; 口
慮,prudence,N1,一; 田; 心
劇,drama,N2,丿; 一; 豕; 刂
虐,tyrannize,N1,一
鹿,deer,N1,厂; 匕
麓,foot of a mountain,,木; 厂; 匕
薦,recommend,N1,艹; 厂; 灬
慶,jubilation,N1,厂; 心; 夂
麗,lovely,N1,一; 厂; 匕
熊,bear,N1,厶; 月; 匕; 灬
能,ability,N3,厶; 月; 匕
態,attitude,N1,厶; 月; 匕; 心
寅,sign of the tiger,N1,冖; 日; 丨
演,performance,N3,氵; 冖; 日; 丨
辰,sign of the dragon,N1,厂
辱,embarrass,N1,厂; 寸
震,quake,N2,雨; 厂
振,shake,N1,扌; 厂
娠,with child,N1,女; 厂
唇,lips,N1,厂; 口
農,agriculture,N2,日; 十; 厂
濃,concentrated,N2,氵; 日; 十; 厂
送,send off,N4,大; ⻌
関,connection,N3,大
咲,blossom,N2,口; 大
鬼,ghost,N1,丿; 田; 厶
醜,ugly,N1,西; 一; 丿; 田; 厶
魂,soul,N1,二; 厶; 丿; 田
魔,witch,N1,厂; 木; 丿; 田; 厶
魅,fascination,N1,丿; 田; 厶; 木
塊,clod,N1,土; 丿; 田; 厶
襲,attack,N1,亠; 月
嚇,upbraid,N1,口; 土
朕,majestic plural,N1,月; 大
雰,atmosphere,N1,雨; 八; 刀
箇,item,N1,囗; 十; 口
錬,tempering,N1,金; 木; 日
遵,abide by,N1,西; 一; 寸; ⻌
罷,quit,N1,罒; 厶; 月; 匕
屯,barracks,N1,丿; 凵; 乙
且,moreover,N1,月; 一
藻,seaweed,N1,艹; 氵; 口; 木
隷,slave,N1,士; ⺕; 氺
癒,healing,N1,疒; 入; 一; 月; 刂; 心
璽,imperial seal,,一; 冂; 乂; 王; 丶
潟,lagoon,N1,氵; 臼; 丿; 灬
丹,cinnabar,N1,丿; 丶
丑,sign of the cow,N1,一
羞,humiliate,,䒑; 丿; 一
卯,sign of the hare,N1,丿; 卩
巳,sign of the snake,N1,己
此,this here,,卜; 匕
柴,brushwood,,卜; 匕; 木
些,whit,,卜; 匕
砦,fort,,卜; 匕; 口
髭,beard,,厶; 彡; 卜; 匕
禽,fowl,,人; 亠; 丿; 凵; 冂
檎,apple,,木; 人; 亠; 丿; 凵; 冂
憐,sympathize with,,忄; 米; 夕; 㐄
燐,phosphorus,,火; 米; 夕; 㐄
麟,camelopard,N1,厂; 匕; 米; 夕; 㐄
鱗,scaled,,𠂊; 田; 灬; 米; 夕; 㐄
奄,encompassing,,大; 日
庵,hermitage,,厂; 大; 日
掩,shrouded,,扌; 大; 日
悛,make amends,,忄; 厶; 丿; 夂
駿,steed,N1,灬; 厶; 丿; 夂
峻,steep,N1,山; 厶; 丿; 夂
竣,complete a job,N1,亠; 厶; 丿; 夂
犀,rhinoceros,,尸; 二; 牛
皐,lunar month,N1,日; 十
畷,rice-field footpath,,田; 又
綴,mend,,糸; 又
鎧,suit of armor,,金; 山; 口
凱,triumph,N1,山; 口; 丿
呑,quaff,,丿; 一; 口
韮,leek,,艹; 非; 一
籤,lottery,,人; 弋; 非; 一; 丿; 丶
懺,penitential,,忄; 人; 弋; 非; 一; 丿; 丶
芻,hay,,丿; 凵
雛,chick,N1,丿; 凵; 亻
趨,scurry,,土; 龰; 丿; 凵
尤,understandably,,丿; 丶
厖,immense,,厂; 丿; 彡; 尤
或,a  (a certain),,弋; 口; 一; 丿; 丶
兎,rabbit,,丿; 丶
也,est,N1,丨; 乙
巴,comma-design,N1,己; 乙
疋,critters,,卜; 人
菫,violet,N1,艹; 一
曼,mandala,,日; 罒; 又
云,quote,,二; 厶
莫,shalt,,艹; 日; 大
而,and then,,冂
倭,Yamato,N1,亻; 丿; 木; 女
侠,chivalry,,亻; 大; 二
倦,fed up,,亻; 人; 卩
俄,abrupt,,亻; 丿; 弋; 亅; 丶
佃,work a field,,亻; 田
仔,animal offspring,,亻; 子
仇,foe,,亻; 乙
伽,look after,N1,亻; 力; 口
儲,make a profit,,亻; 口; 土; 日
僑,emigrant,,亻; 丿; 大; 口; 冂
倶,mate,,亻; 目; 八
侃,forthright,N1,亻; 口; 川
偲,memorial,N1,亻; 田; 心
侭,as is,,亻; 八
脩,dried meat,N1,亻; 丨; 𠂉; 丿; 月
倅,my son,,亻; 亠; 人; 十
做,make do,,亻; 十; 口; 𠂉; 丿
冴,sharp,N1,亅; 丿
凋,wilt,,冂; 士; 口
凌,pull through,N1,土; 丿; 夂
凛,stately,,亠; 囗; 口
凧,kite,,丿; 巾
凪,lull,N1,丿; 卜
夙,earlybird,,丿; 一; 夕
鳳,phoenix,N1,丿; 灬
剽,menace,,覀; 刂
劉,slaughter,,丿; 卩; 刂
剃,shave,,弓; 丨; 丿; 刂
厭,despondent,,厂; 日; 月; 大; 丶
雁,wild goose,,厂; 亻
贋,counterfeit,,厂; 亻; 目; 八
厨,kitchen,,厂; 口; 寸
仄,insinuate,,厂; 人
哨,scout,,口; 小; 月
咎,reprehend,,各; 人
囁,whisper,,口; 耳
喋,chatter,,口; 一; 木
嘩,quarrel,,口; 艹; 丨
噂,gossip,,口; 西; 一; 寸
咳,cough,,口; 亠; 人
喧,clamor,,口; 冖; 一; 日
叩,bash,,口; 卩
嘘,fib,,口; 一
啄,peck at,N1,口; 豕
吠,barking,,口; 大; 丶
吊,dangle,,口; 巾
噛,chew,,口; 卜; 米; 凵
叶,within my ability,N1,口; 十
吻,sides of the mouth,,口; 勹
吃,stammer,,口; 乙
噺,spin a tale,,口; 亠; 木; 斤
噌,miso,,口; 田; 日
邑,city walls,N1,口; 己
呆,dumbfounded,,口; 木
喰,ingest,,口; 食
埴,clay,,土; 十; 目
坤,authochthonous,,土; 日; 丨
壕,dugout,,土; 亠; 口; 冖; 豕
垢,blemish,,土; 丿; 口
坦,flat,,土; 日; 一
埠,wharf,,土; 丿; 十
堰,dam,,土; 匚; 日; 女
堵,railing,,土; 日
嬰,suckling infant,,目; 八; 女
姦,violate,,女
婢,handmaiden,,女; 丿; 十
婉,well finished,,女; 冖; 夕; 卩
娼,harlot,,女; 日
妓,courtesan,,女; 十; 又
娃,fair,,女; 土
姪,niece,,女; 厶; 土
嬬,mistress,,女; 雨; 冂
姥,aged woman,,女; 土; 匕
姑,mother-in-law,,女; 十; 口
姐,young miss,,女; 月; 一
嬉,overjoyed,N1,女; 士; 口
孕,expecting,,丿; 子
孜,assiduous,,子; 𠂉; 丿
宥,soothe,N1,冖; 月
寓,imply,,冖; 田; 冂
宏,extensive,N1,冖; 厶
牢,jail,,冖; 牛
宋,Sung dynasty,,冖; 木
宍,venison,,冖; 亠; 八
屠,butchering,,尸; 土; 日
屁,fart,,尸; 匕
屑,rubbish,,尸; 小; 月
屡,frequently,,尸; 米; 女
屍,corpse,,尸; 一; 夕; 匕
屏,folding screen,,尸; 十
嵩,high-reaching,N1,山; 亠; 口; 冂
崚,rugged mountains,N1,山; 土; 丿; 夂
嶺,mountaintop,N1,山; 人; 一; マ; 目; 八
嵌,fit into,,山; 十; 廿
帖,quire,,巾; 卜; 口
幡,banner,,巾; 丿; 米; 田
幟,pennant,,巾; 弋; 日; 丿; 丶
庖,cleaver,,厂; 丿; 己
廓,licensed quarters,,厂; 亠; 口; 子; ⻏
庇,overhang,,厂; 匕
鷹,hawk,N1,广; 亻; 灬
庄,shire,N1,厂; 土
廟,tomb sanctuary,,厂; 十; 日; 月
彊,strengthen,,弓; 一; 田
弛,loosen,,弓; 乙
粥,rice gruel,,弓; 米
挽,lathe,,扌; 𠂊
撞,bump into,,扌; 亠; 日
扮,disguise,,扌; 八; 刀
捏,fabrication,,扌; 日; 土
掴,clutch,,扌; 囗; 王; 丶
捺,impress,N1,扌; 大; 示
掻,scratch,,扌; 又; 口; 丨
撰,assortment,,扌; 己; 八
揃,muster,,扌; 月; 刂
捌,deal with,,口; ㇆; 刂
按,press down on,,扌; 冖; 女
播,disseminate,,扌; 丿; 米; 田
揖,collect,,扌; 口; 耳
托,receptacle,,扌; 丿; 一
捧,devote,,扌; 一; 人; 丨
撚,twirl,,扌; 月; 大; 丶; 灬
挺,counter for tools,,扌; 丿; 士; 廴
擾,commotion,,扌; 日; 冖; 心; 夂
撫,petting,,扌; 丿; 一; 灬
撒,sprinkle,,扌; 月; 𠂉; 丿
擢,outstanding,,扌; 羽; 亻
摺,rubbing,,扌; 羽; 日
捷,spoils,N1,扌; ⺕
抉,gouge out,,扌; 人
怯,wince,,忄; 土; 厶
惟,ponder,N1,忄; 亻
惚,infatuation,,忄; 勹; 心
怜,quickwitted,N1,忄; 人; 一; マ
惇,considerate,N1,忄; 亠; 口; 子
恰,as if,,忄; 人; 一; 口
恢,enlarge,,忄; 厂; 火
悌,respect for elders,N1,忄; 弓; 丨; 丿
澪,canal,N1,氵; 雨; 人; 一; マ
洸,glistening,N1,氵; ⺌; 一; 丿
滉,bounding main,N1,氵; 日; ⺌; 一; 丿
漱,gargle,N1,氵; 木; 口
洲,continent,N1,氵; 丶; 川
洵,swirling waters,N1,氵; 丿; 日
滲,seep,,氵; 厶; 人; 彡
洒,rinse,,氵; 西
沐,douse,,氵; 木
泪,teardrops,,氵; 目
渾,gushing,,氵; 冖; 車
涜,blaspheme,,氵; 士; 冖; 丿
梁,roofbeam,,氵; 刀; 丶; 木
澱,sediment,,氵; 尸; 八; 丿; 又
洛,old Kyoto,,氵; 夂; 口
汝,thou,,氵; 女
漉,filter,,氵; 厂; 匕
瀕,on the verge of,,氵; 卜; 小; 目; 八
濠,moat,,氵; 亠; 口; 冖; 豕
溌,spray,,氵; 丿
湊,port,,氵; 一; 人; 大
淋,solitude,,氵; 木
浩,abounding,N1,氵; 牛; 口
汀,water’s edge,,氵; 一; 亅
鴻,large goose,N1,氵; 工; 灬
潅,souse,,氵; 𠂉; 亻
溢,brimming,,氵; 皿
湛,inundate,,氵; 十; 廿; 匚; 丿
淳,immaculate,N1,氵; 亠; 口; 子
渥,moisten,N1,氵; 尸; 厶; 土
灘,rough seas,,氵; 艹; 口; 大; 亻
汲,draw water,,氵; 丿; 又
瀞,river pool,,氵; 龶; 円; ⺤; ⺕; 亅
溜,cumulation,,氵; 丿; 田
渕,abyss,,氵; 大; 刂
沌,chaos,,氵; 丿; 凵
濾,strainer,,氵; 一; 田; 心
濡,drench,,氵; 雨; 冂
淀,eddy,,氵; 冖; 卜; 人
涅,black soil,,氵; 日; 土
斧,hatchet,,斤
爺,grandpa,,耳; ⻏
猾,sly,,⺨; 月
猥,indecent,,⺨; 田; 一
狡,cunning,,⺨; 亠; 父
狸,racoon dog,,⺨; 日
狼,wolf,,⺨; 艮
狽,flustered,,⺨; 目; 八
狗,pup,,⺨; 丿; 口
狐,fox,,⺨; 丿; 厶
狛,a-un,,⺨; 日
獅,lion,,⺨; 丿; 巾
狒,baboon,,⺨; 弓; 丿; 丨
莨,tobacco,,艹; 艮
茉,jasmine,N1,艹; 木
莉,hawthorn,N1,艹; 丿; 木; 刂
苺,strawberry,,艹; 毋
萩,bush clover,N1,艹; 丿; 木; 火
藝,technique (old),,艹; 土; 丿; 乙; 丶; 二; 厶
薙,trim,,艹; 大; 亻
蓑,straw raincoat,,艹; 亠; 口; 衣
苔,moss,,艹; 厶; 口
蕩,prodigal,,艹; 氵; 日; 一; 勹
蔓,tendril,,艹; 日; 罒; 又
蓮,lotus,N1,艹; 車; ⻌
芙,lotus flower,N1,艹; 大
蓉,lotus blossom,N1,艹; 冖; 口
蘭,orchid,N1,艹; 木; 口
芦,hollow reed,,艹; 戸
薯,yam,,艹; 罒; 土; 日
菖,iris,N1,艹; 日
蕉,banana,N1,艹; 亻; 灬
蕎,buckwheat,,艹; 丿; 大; 口; 冂
蕗,butterbur,N1,艹; 口; 夂
茄,eggplant,N1,艹; 力; 口
蔭,behind the scenes,,艹; ⻖; 人; 一; 二; 厶
蓬,wormwood,,艹; 夂; 一; 丨; 辶
芥,mustard,,艹; 人; 丿; 丨
萌,germinate,N1,艹; 日; 月
葡,grape,,艹; 丿; 用; 丶
萄,grape vine,,艹; 丿; 缶
蘇,resurrect,,艹; 𠂊; 田; 灬; 丿; 木
蕃,grow wild,,艹; 丿; 米; 田
苓,cocklebur,,艹; 人; 一; マ
菰,rush mat,,艹; 子; 丿; 厶
蒙,darken,,艹; 冖; 豕
茅,grassy reed,N1,艹; マ; 亅; 丿
芭,plantain,,艹; 己
苅,mow,,艹; 丿; 刂
葱,onion,,艹; 勹; 心
葵,hollyhock,N1,艹; 大
葺,shingling,,艹; 口; 耳
蕊,stamen,,艹; 心
茸,mushroom,,艹; 耳
蒔,sowing,N1,艹; 日; 土; 寸
芹,parsley,N1,艹; 斤
苫,thatching,,艹; 卜; 口
蒼,pale blue,N1,艹; 人; 口
藁,straw,,艹; 亠; 口; 冂; 木
蕪,turnip,,艹; 丿; 一; 灬
藷,sweet potato,,艹; 口; 土; 日
薮,quack,,艹; 米; 女; 𠂉; 丿
蒜,garlic,,艹
蕨,bracken,,艹; 厂; 凵; 丿
蔚,grow plentiful,,艹; 尸; 寸
茜,madder red,N1,艹; 西
莞,candle rush,N1,艹; 冖; 二; 丿
蒐,collector,,艹; 丿; 田; 厶
菅,sedge,,艹; 冖; 口
葦,ditch reed,,艹; 口
迪,Way,N1,日; 丨; ⻌
辿,track down,,山; 辶
這,crawl,,口; 辶
迂,detour,,亅; 辶
遁,shirk,,厂; 十; 目; 辶
逢,tryst,,夂; 一; 丨; 辶
遥,far off,N1,⺤; 山; ⻌
遼,faraway,N1,大; 日; 小; ⻌
逼,pressing,,一; 口; 田; 辶
迄,until,,乙; 辶
逗,standstill,,口; 辶
鄭,courtesy,,西; 一; 大; ⻏
隕,falling,,⻖; 口; 目; 八
隈,nook,,⻖; 田; 一
憑,possessed,,灬; 心
惹,attract,,艹; 口; 心
悉,without exception,,丿; 米; 心
忽,instantaneously,,勹; 心
惣,firstborn son,N1,牛; 勹; 心
愈,in the nick of time,,入; 一; 月; 刂; 心
恕,sensitive,N1,女; 口; 心
昴,overarching,N1,日; 丿; 卩
晋,progress,N1,一; 二; 日
晟,aglow,N1,日; 丿; 弋; 𠂊; 丶
暈,halo,,日; 冖; 車
暉,glitter,N1,日; 冖; 車
旱,dry weather,,日; 十
晏,clear skies,N1,日; 冖; 女
晨,morrow,N1,日; 厂
晒,bleaching,,日; 西
晃,limpid,N1,日; ⺌; 一; 丿
曝,air out,,日; 八; 氺
曙,dawn,N1,日; 罒; 土
昂,elevate,N1,日; 卩
昏,dusk,,氏; 日
晦,last day of the month,,日; 丿; 毋
膿,pus,,月; 日; 十; 厂
腑,viscera,,月; 厂; 亻; 寸
胱,bladder,,月; ⺌; 一; 丿
胚,embryo,,月; 一; 丿; 丨
肛,anus,,月; 工
脆,fragile,,月; 𠂊; 厂; 卩
肋,rib,,月; 力
腔,body cavity,,月; 冖; 八; 工
肱,armrest,,月; 厶
胡,uncivilized,N1,十; 口; 月
楓,maple tree,N1,木; 丿; 口; 丨
楊,purple willow,N1,木; 日; 一; 勹
椋,Oriental elm,N1,木; 亠; 口; 小
榛,hazel,N1,木; 一; 人; 丿
櫛,comb,,木; 艮; 卩
槌,wooden hammer,,木; 丿; 辶
樵,mallet,,木; 亻; 灬
梯,ladder,,木; 弓; 丨; 丿
柑,citrus tree,,木; 十; 廿
杭,picket,,木; 亠; 丿
柊,holly,N1,木; 夂
柚,citron,N1,木; 日; 丨
椀,wooden bowl,,木; 冖; 夕; 卩
栂,hemlock,,木; 毋
柾,spindle tree,N1,木; 卜
榊,sacred tree,,木; 日; 丨
樫,evergreen oak,,木; 臣; 又; 土
槙,black pine,N1,木; 十; 目; 八
楢,Japanese oak,,木; 西; 一
橘,mandarin orange,N1,木; マ; 亅; 丿; 冂; 口
桧,Japanese cypress,,木; 人; 二; 厶
棲,roost,,木; ⺕; 女
栖,nestle,,木; 西
桔,bellflower,,木; 士; 口
杜,temple grove,N1,木; 土
杷,grain rake,,木; 己
梶,oar,,木; 尸; 毛
杵,wooden pestle,,木; 干; 十
杖,cane,,木; 一; 丿
樽,barrel,,木; 西; 一; 寸
櫓,turret,,木; 𠂊; 田; 灬; 日
橿,sturdy oak,,木; 一; 田
杓,wooden ladle,,木; 丿; 丶
李,damson,N1,木; 子
棉,raw cotton,,木; 日; 巾
楯,escutcheon,,木; 厂; 十; 目
榎,hackberry,,木; 目; 夂
樺,birch,N1,木; 艹; 丨
槍,lance,,木; 人; 口
柘,wild mulberry,,木; 口
梱,bale,,木; 囗
枇,loquat,,木; 匕
樋,downspout,,木; マ; 用; 辶
橇,sled,,木; 毛
槃,enjoyment,,舟; 丿; 又; 木
栞,bookmark,N1,十; 木
椰,coconut tree,N1,木; 耳; ⻏
檀,sandalwood,N1,木; 亠; 囗; 口; 日; 一
樗,sumac,,木; 雨; 一; 丂
槻,zelkova,N1,木; 大; 目; 儿
椙,cryptomeria,,木; 日
彬,copious,N1,木; 彡
桶,bucket,,木; マ; 用
楕,ellipse,,木; 工; 月
樒,star-anise,,木; 冖; 心; 丿; 山
毬,furball,N1,毛; 氺; 丶
燿,twinkle,N1,火; 羽; 亻
燎,watchfire,N1,火; 大; 日; 小
炬,torch,,火; 匚; 二
焚,kindle,,木; 火
灸,moxa,,丿; 火
煽,fanning,,火; 戸
煤,soot,,火; 十; 廿; 木
煉,firing,,火; 木; 日
燦,dazzling,N1,火; 卜; 夕; 又; 米
灼,refulgent,,火; 丿; 丶
烙,branding,,火; 夂; 口
焔,flames,,火; 丿; 丨; 日
烹,stew,,亠; 口; 亅; 灬
牽,tug,,亠; 幺; 冖; 厶; 牛
牝,female animal,,牛; 匕
牡,male animal,,牛; 土
琳,chime,N1,王; 木
琉,lapis lazuli,N1,王; 亠; 厶; 川
瑳,burnish,N1,王; 䒑; 丿; 工
琢,hone,N1,王; 豕
珊,coral,,王; 冂; 丿; 十
瑚,coral reef,N1,王; 十; 口; 月
瑞,fortunate,N1,王; 山
玖,jet,N1,王; 丿
瑛,crystal stone,N1,王; 艹; 大
玲,tinkling,N1,王; 人; 一; マ
畢,lastly,,田; 丨
畦,paddy-field ridge,,田; 土
痒,itch,,疒; 䒑
痰,phlegm,,疒; 火
疹,measles,,疒; 彡
痔,hemorrhoids,,疒; 土; 寸
癌,cancer,,疒; 口; 山
痺,paralysis,,疒; 丿; 十
眸,apple of the eye,N1,目; 厶; 牛
眩,dizzy,,目; 亠; 幺
雉,pheasant,,大; 亻
矩,carpenter’s square,,大; 匚; 二
磐,crag,,舟; 丿; 又; 口
碇,grapnel,,口; 冖; 卜; 人
碧,blue-green,N1,王; 日; 口
硯,inkstone,,口; 目; 儿
砥,grindstone,,口; 氏; 一
碗,teacup,,口; 冖; 夕; 卩
碍,obstacle,,口; 日; 一; 寸
碩,illustrious,N1,口; 目; 八
磯,rocky beach,N1,口; 幺; 厂; 一; 弋; 丿; 丶
砺,whetstone,,口; 厂; 一
碓,mill,,口; 亻
禦,fend off,,亻; 干; 卜; 卩
祷,beseech,,礻; 一; 丿; 寸
祐,ancestral tablet,N1,礻; 口
祇,local god,,氏
祢,ancestral shrine,,礻; 丿; 小
禄,salarium,N1,礻; ⺕; 氺
禎,felicitation,N1,礻; 卜; 目; 八
秤,balancing scales,,丿; 木; 干; 十
黍,millet,,丿; 木; 氺
禿,bald,,丿; 木
稔,bear fruit,N1,丿; 木; 人; 一; 心
稗,crabgrass,,丿; 木; 田; 十
穣,bumper crop,N1,丿; 木; 亠; 八; 一; 𧘇
稜,imperial authority,N1,丿; 木; 土; 夂
稀,sparse,N1,丿; 木; 巾
穆,obeisant,,丿; 木; 日; 小; 彡
窺,peep,,冖; 八; 大; 目; 儿
窄,tight,,冖; 八; 丿
穿,drill,,冖; 八; 亅; 丿
竃,kitchen stove,,冖; 八; 土; 日
竪,longness,,臣; 又; 亠
颯,rustling,N1,亠; 丿; 口; 丨
站,outpost,,亠; 卜; 口
靖,repose,N1,亠; 龶; 月
妾,concubine,,亠; 女
衿,lapel,N1,衤; 人; 一
袷,lined kimono,,衤; 人; 一; 口
袴,pleated skirt,,衤; 大
襖,sliding door,,衤; 冂; 米; 大
笙,Chinese panpipe,N1,𠂉
筏,raft,,亻; 弋; 丿; 丶
簾,bamboo blinds,,厂; ⺕; 丨
箪,rattan box,,⺍; 日; 一; 丨
竿,pole,,十
箆,spatula,,匕
箔,foil,,氵; 日
笥,wardrobe,,一; 口
箭,arrow shaft,,月; 刂
筑,ancient harp,,工; 丿; 丶
篠,slender bamboo,,亻; 丨; 𠂉; 丿; 木
纂,redaction,,目; 十; 丿; 糸
竺,bamboo cane,,
箕,winnowing fan,,十; 廿; 八
笈,backpack,,丿; 又
篇,livraison,,戸; 冂; 十; 丿
筈,should,,千; 口
簸,winnow,,十; 廿; 八; 皮
粕,settlings,,米; 日
糟,lees,,米; 日; 十
糊,paste,,米; 十; 口; 月
籾,unhulled rice,,米; 刀; 丶
糠,rice bran,,米; 厂; ⺕; 氺
糞,excrement,,米; 田; 八
粟,foxtail millet,,覀; 米
繋,link up,,車; 丿; 又; 糸
綸,twine,N1,糸; 人; 一; 冂; 十; 丿
絨,carpet yarn,,糸; 弋; 十; 丿; 丶
絆,ties,,糸; 二
緋,scarlet,N1,糸
綜,synthesis,N1,糸; 冖
紐,string,,糸; 一
紘,chinstrap,N1,糸; 厶
纏,summarize,,糸; 厂; 日; 丿; 土
絢,gorgeous,N1,糸; 丿; 日
繍,embroidery,,糸; ⺕; 丨; 米
紬,pongee,N1,糸; 日; 丨
綺,ornate,N1,糸; 大; 一; 口; 亅
綾,damask,N1,糸; 土; 丿; 夂
絃,catgut,N1,糸; 亠; 幺
縞,stripe,,糸; 亠; 口; 冂
綬,gimp,,糸; ⺤; 冖; 又
紗,gossamer,N1,糸; 小; 丿
舵,rudder,,舟; 冖; 匕
聯,strung together,,耳; 幺; 丿; 丨
聡,attentive,N1,耳; 八; 厶; 心
聘,summons,,耳; 日; 丨
耽,addiction,,耳; 冖; 丿
耶,exclamation,N1,耳; ⻏
蚤,flea,,丶; 口; 丨
蟹,crab,,𠂊; 刀; 牛; 口; 丨
蛋,protein,,卜; 人; 口; 丨
蟄,hibernation,,土; 䒑; 十; 乙; 丶; 口; 丨
蝿,housefly,,口; 丨; 日
蟻,ant,,口; 丨; 䒑; 丿; 弋; 亅; 丶
蝋,wax,,口; 丨; ⺍; 用
蝦,shrimp,,口; 丨; 又
蛸,octopus,,口; 丨; ⺌; 月
螺,screw,,口; 丨; 田; 糸
蝉,cicada,,口; 丨; ⺍; 日; 一
蛙,frog,,口; 丨; 土
蛾,moth,,口; 丨; 丿; 弋; 亅; 丶
蛤,clam,,口; 丨; 人; 一
蛭,leech,,口; 丨; 厶; 土
蛎,oyster,,口; 丨; 厂; 一
罫,ruled lines,,罒; 土; 卜
袈,stole,N1,力; 口; 亠
裟,monk’s sash,N1,氵; 小; 丿; 亠
截,incision,,十; 弋; 亻; 丿; 丶
哉,I wonder,N1,十; 弋; 口; 丿; 丶
詢,counsel,N1,口; 丿; 日
諄,polite,N1,口; 亠; 子
讐,vendetta,,亻; 口
諌,remonstrate,,口; 木; 日
諒,verify,N1,口; 亠; 小
讃,compliment,,口; 大; 目; 八
訊,query,,口; 乙; 十
訣,split up,,口; 人
詫,beg another’s pardon,,口; 冖; 丿; 一
誼,familiarity,N1,口; 冖; 月; 一
謬,fallible,,口; 彡
訝,wary,,口; 亅; 丿
諺,proverb,,口; 厂; 彡
誹,slander,,口
謂,so-called,,口; 田; 月
諜,secret agent,,口; 一; 木
註,footnote,,口; 丶; 王
譬,parable,,尸; 口; 亠; 十
轟,rumble,,車
輔,reinforce,N1,車; 用; 丶
輻,spoke,,車; 一; 口; 田
輯,assemble,,車; 口; 耳
豹,panther,,豸; 丿; 丶
賎,despicable,,目; 八; 一; 丿; 丶
貰,get,,一; 目; 八
賑,bustling,,目; 八; 厂
贖,expiate,,目; 八; 士; 罒
躓,stumble,,口; 斤; 目; 八
蹄,hoof,,口; 亠; 冖; 巾
蹟,vestiges,,口; 龶; 目; 八
跨,straddle,,口; 大
跪,kneel,,口; 𠂊; 厂; 卩
醤,soy sauce,,⺦; ⺤; 寸; 西; 一
醍,whey,,西; 一; 日; 卜; 人
醐,ghee,,西; 一; 十; 口; 月
醇,strong sake,,西; 一; 亠; 口; 子
麹,malt,,龶; 夂; 丿; 米
釦,button,,金; 口
銚,keg,,金; 儿; 冫
鋤,plow,,金; 月; 一; 力
鋸,hand saw,,金; 尸; 十; 口
錐,awl,,金; 亻
鍬,hoe,,金; 丿; 木; 火
鋲,rivet,,金; 斤; 一
錫,tin,,金; 日; 勹
錨,anchor,,金; 艹; 田
釘,nail,,金; 一; 亅
鑓,javelin,,金; 口; 丨; ⻌
鋒,sword’s point,,金; 夂; 一; 丨
鎚,hammer,,金; 丿; ⻌
鉦,carillion,,金; 卜
錆,rust,,金; 龶; 円
鍾,cluster,,金; 丿; 十
鋏,scissors,,金; 大; 人
閃,flash,,人
悶,agony,,心
閤,side gate,,人; 一; 口
雫,trickle,,雨; 一; 卜
霞,haze,N1,雨; 又
翰,quill,,十; 日
斡,auspices,,十; 日; 丶
鞍,saddle,,十; 冖; 女
鞭,whip,,十; 亻; 日; 丿
鞘,saddle straps,,十; ⺌; 月
鞄,briefcase,,十; 丿; 己
靭,pliable,,十; 刀; 丶
鞠,terminate,N1,十; 丿; 米
顛,overturn,,十; 目; 八
穎,brush tip,,匕; 丿; 木; 目; 八
頗,exceedingly,,皮; 目; 八
頌,accolade,N1,八; 厶; 目
頚,neck and throat,,又; 土; 目; 八
餐,repast,,卜; 夕; 又; 食
饗,feast,,乡; 艮; ⻏; 食
蝕,eclipse,,⻞; 口; 丨
飴,sweets,,⻞; 厶; 口
駕,stretcher,,力; 口; 灬
騨,piebald,,灬; ⺍; 日; 一; 丨
馳,rush,,灬; 乙
騙,cheat,,灬; 戸; 冂; 十; 丿
馴,tame,,灬; 川
駁,rebuttal,,灬; 乂
駈,gallop,,灬; 斤; 一
驢,donkey,,灬; 一; 田; 皿
鰻,eel,,𠂊; 田; 灬; 日; 罒; 又
鯛,sea bream,N1,𠂊; 田; 灬; 冂; 士; 口
鰯,sardine,,𠂊; 田; 灬; 弓
鱒,trout,,𠂊; 田; 灬; 西; 一; 寸
鮭,salmon,,𠂊; 田; 灬; 土
鮪,tuna,,𠂊; 田; 灬; 月
鮎,sweet smelt,N1,𠂊; 田; 灬; 卜; 口
鯵,horse mackerel,,𠂊; 田; 灬; 厶; 大; 彡
鱈,cod,,𠂊; 田; 灬; 雨; ⺕
鯖,mackerel,,𠂊; 田; 灬; 龶; 円
鮫,shark,,𠂊; 田; 灬; 亠; 父
鰹,bonito,,𠂊; 田; 灬; 臣; 又; 土
鰍,bullhead,,𠂊; 田; 灬; 丿; 木; 火
鰐,alligator,,𠂊; 田; 灬; 口
鮒,crucian carp,,𠂊; 田; 灬; 亻; 寸
鮨,sushi,,𠂊; 田; 灬; 匕; 日
鰭,fish fin,,𠂊; 田; 灬; 土; 匕; 日
鴎,seagull,,匚; 丿; 灬
鵬,roc,N1,月; 灬
鸚,parakeet,,目; 八; 女; 灬
鵡,parrot,,一; 弋; 卜; 丶; 灬
鵜,cormorant,,弓; 丨; 丿; 灬
鷺,heron,,口; 夂; 灬
鷲,eagle,,亠; 口; 小; 丿; 丶; 灬
鴨,wild duck,,日; 丨; 灬
鳶,black kite,,丶; 灬
梟,owl,,丿; 木
塵,dust,,厂; 匕; 土
麒,giraffe,,厂; 匕; 十; 廿; 八
舅,father-in-law,,臼; 田; 力
鼠,mouse,,臼
鑿,bore,,业; 十; 臼; 丿; 又
艘,small craft,,舟; 丨; 𦥑; 又
瞑,close the eyes,,目; 冖; 日; 亠; 八
暝,murky,,日; 冖; 亠; 八
坐,sitting in meditation,,人; 一
朔,first day of the month,N1,凵; 丿; 月
曳,tow,,日; 丨; 丿
洩,dribble out,,氵; 日; 丿
彗,comet,N1,一; 丨; ⺕
慧,astute,N1,一; 丨; ⺕; 心
爾,let it be,N1,一; 冂; 乂
嘉,applaud,N1,士; 口; 力
兇,evil,,丿; 凵
兜,helmet,,日; 丿
靄,mist,,雨; 口; 日; 丿; 人
劫,kalpa,,土; 厶; 力
歎,bemoan,,艹; 口; 大
輿,palanquin,,臼; 車
歪,warped,,一; 丿; 丨; 卜
翠,jade green,N1,亠; 人; 十
黛,blue-black,N1,亻; 丶; 日; 灬
鼎,tripod,,目
鹵,rocksalt,,卜; 囗
鹸,lye,,卜; 囗; 人; 一; 口
虔,reserved,,一; 亠; 乂
燕,swallow,,十; 口; 匕; 灬
嘗,lick,,⺌; 冂; 口; 匕; 日
殆,almost,,一; 夕; 厶; 口
牌,mahjong tiles,,片; 丿; 田; 十
覗,peek,,一; 口; 目; 儿
齟,disagree,,卜; 人; 凵; 月; 一
齬,discord,,卜; 人; 凵; 二; 口
秦,Manchu dynasty,N1,一; 人; 丿; 木
雀,sparrow,,小; 丿; 亻
隼,peregrine falcon,N1,亻; 十
耀,shimmering,N1,⺌; 一; 丿; 羽; 亻
夷,ebisu,,大; 弓; 丿
嚢,cyst,,亠; 口; 丨; 冖; 衣
暢,carefree,N1,日; 丨; 一; 勹
廻,circling,,囗; 口; 廴
欣,elation,N1,斤
毅,stalwart,N1,亠; 豕; 丿; 又
斯,this,,十; 廿; 八; 斤
匙,wooden spoon,,日; 卜; 人; 匕
匡,set straight,N1,匚; 王
肇,founding,N1,戸; 𠂉; 丿; ⺕; 丨
麿,Utamaro,N1,厂; 木; 口; 丿
叢,conglomerate,,丶; 䒑; 耳; 又
肴,entreat,,丿; 月
斐,symmetrically patterned,N1,亠; 乂
卿,magistrate,,丿; 艮; 卩
翫,fiddle with,,羽; 日; 二; 丿
於,within,N1,亠; 丶
套,hackneyed,,大; 厶
叛,rebellion,,二; 厂; 又
尖,sharp point,,小; 大
壷,crock,,士; 冖; 口; 二
叡,sapience,N1,卜; 冖; 目; 又
酋,chieftain,,西; 一
鴬,nightingale,,⺍; 冖; 灬
赫,incandescent,,土
臥,supinate,,臣; 人
甥,nephew,,生; 田; 力
瓢,gourd,,覀; 丿; 厶
琵,biwa,,王; 匕
琶,lute,,王; 己
叉,forked,,又; 丶
乖,disobey,,丿; 十; 匕
畠,dry field,,日; 田
圃,vegetable patch,,囗; 用; 丶
丞,helping hand,N1,㇁; 水; 一
亮,translucent,N1,亠; 口; 冖; 丿
胤,blood relative,N1,丿; 幺; 月; 乙
疏,transcription,,卜; 人; 亠; 厶; 川
膏,ointment,,亠; 口; 冂; 月
魁,pioneer,N1,丿; 田; 厶; 丶
馨,ambrosial,N1,士; 丿; 又; 木; 日
牒,label,,片; 一; 木
瞥,glimpse,,小; 冂; 𠂉; 丿; 目
睾,testicle,,丿; 罒; 土; 䒑; 十
巫,sorceress,,一; 人; 工
敦,empathetic,N1,亠; 口; 子; 𠂉; 丿
奎,Andromeda,N1,大; 土
翔,soar,N1,䒑
皓,beaming,N1,日; 牛; 口
黎,tenebrous,N1,丿; 木; 勹; 氺
赳,bold,N1,土; 龰; 丨
已,stop short,,己
棘,thornbush,,木; 冂; 丿
祟,haunt,,山; 凵
甦,resuscitate,,一; 日; 丿; 生
剪,pruning,,八; 月; 刂; 刀
躾,upbringing,,身; 䒑; 大
夥,plentiful,,日; 丨; 夕
鼾,snore,,目; 田; 丿; 十
陀,steeply inclined,,⻖; 冖; 匕
粁,kilometer,,米; 丿; 十
糎,centimeter,,米; 厂; 日
粍,millimeter,,米; 毛
噸,ton,,口; 丿; 凵; 目; 八
哩,mile,,口; 日
浬,nautical mile,,氵; 日
吋,inch,,口; 寸
呎,foot,,口; 八
梵,brahman,,木; 丿; 丶
薩,bodhisattva,,艹; ⻖; 亠; 乂; 厂; 生
菩,bo tree,,艹; 亠; 口
唖,babble,,口; 二
牟,moo,,厶; 牛
迦,Sanskrit ka,,力; 口; 辶
珈,jeweled hairpin,,王; 力; 口
琲,beaded hairpin,,王
檜,Japanese cypress (old),,木; 人; 日
轡,tinkling bell,,車; 糸; 口
淵,abyss (old),,氵; 丿; 丨
伍,V,N1,亻; 二
什,X,,亻; 十
萬,ten thousand (old),,艹; 田; 冂
邁,pass through,,艹; 田; 冂; 辶
燭,candlelight,,火; 罒; 丿; 口; 丨
逞,tough,,口; 王; 辶
燈,lamp (old),,火; 口
裡,back (old),,衤; 日
薗,park (alternate),,艹; 囗; 亠; 口; 衣
鋪,shop (alternate),,金; 用; 丶
嶋,island (alternate),,山; 灬
峯,summit (alternate),,山; 夂; 一; 丨
埜,plains (old),,木; 土
龍,dragon (old),,亠; 月
寵,patronage,,冖; 亠; 月
聾,deafness,,亠; 月; 耳
慾,longing (old),,口; 心
嶽,Point (old),,山; ⺨; 口; 大; 丶
國,country (old),,囗; 弋; 口; 一; 丿; 丶
脛,shin,,月; 一; 巛; 工
勁,formidable,N1,一; 巛; 工; 力
祀,enshrine,,己
祓,exorcism,,大; 丿; 丶
躇,dither,,口; 艹; 土; 日
壽,longevity (old),,士; 工; 一; 口; 寸
躊,hesitate,,口; 士; 工; 一; 寸
饅,bean jam,,⻞; 日; 罒; 又
嘔,retch,,口; 匚
鼈,snapping turtle,,小; 冂; 𠂉; 丿; 黽
亙,,,一; 彑; 丶; 二
亨,,,亠; 口; 亅
伶,,,亻; 人; 一; マ
佑,,,亻; 口
佼,,,亻; 亠; 父
侑,,,亻; 月
俣,,,亻; 口; 大
倖,,,亻; 土; 䒑; 十
傭,,,亻; 厂; ⺕; 用
僻,,,亻; 尸; 口; 亠; 十
卜,,,卜
喬,,,丿; 大; 口; 冂
孟,,,子; 皿
尭,,,十; 丿; 一
峨,,,山; 丿; 弋; 亅; 丶
嵯,,,山; 䒑; 丿; 工
巌,,,山; ⺍; 厂; 耳; 𠂉; 丿
巽,,,己; 八
彪,,,一; 丿; 彡
掟,,,扌; 冖; 卜; 人
掠,,,扌; 亠; 口; 小
撹,,,扌; ⺍; 冖; 目; 儿
梧,,,木; 二; 口
欝,,,乂; 木; 罒; 艮; 寸
欽,,,金
煕,,,匚; 己; 灬
熔,,,火; 冖; 口
珪,,,王; 土
瑶,,,王; ⺤; 山
甫,,,用; 丶
籠,,,亠; 月
聚,,,耳; 又; 亻
舘,,,人; 千; 口; 冖
舜,,,⺤; 冖; 夕; 㐄
詑,,,口; 冖; 匕
諏,,,口; 耳; 又
躯,,,身; 匚; 丿
郁,,,月; ⻏
鏑,,,金; 亠; 冂; 十; 口
