kanji,grade
"一",1
"二",1
"九",1
"七",1
"人",1
"入",1
"八",1
"力",1
"十",1
"三",1
"上",1
"下",1
"口",1
"大",1
"女",1
"山",1
"川",1
"工",2
"刀",2
"土",1
"千",1
"夕",1
"子",1
"小",1
"丁",3
"了",8
"又",8
"丸",2
"才",2
"中",1
"五",1
"六",1
"円",1
"天",1
"手",1
"文",1
"日",1
"月",1
"木",1
"水",1
"火",1
"犬",1
"王",1
"出",1
"右",1
"四",1
"左",1
"本",1
"正",1
"玉",1
"田",1
"白",1
"目",1
"石",1
"立",1
"万",2
"久",5
"今",2
"元",2
"公",2
"内",2
"分",2
"切",2
"午",2
"友",2
"太",2
"少",2
"引",2
"心",2
"戸",2
"方",2
"牛",2
"父",2
"毛",2
"止",2
"兄",2
"冬",2
"北",2
"半",2
"古",2
"台",2
"外",2
"市",2
"広",2
"母",2
"用",2
"矢",2
"世",3
"主",3
"他",3
"代",3
"写",3
"去",3
"号",3
"央",3
"平",3
"打",3
"氷",3
"申",3
"皮",3
"皿",3
"礼",3
"休",1
"先",1
"名",1
"字",1
"年",1
"早",1
"気",1
"百",1
"竹",1
"糸",1
"耳",1
"虫",1
"村",1
"男",1
"町",1
"花",1
"見",1
"貝",1
"赤",1
"足",1
"車",1
"不",4
"仕",3
"交",2
"会",2
"光",2
"同",2
"回",2
"多",2
"当",2
"毎",2
"池",2
"米",2
"羽",2
"考",2
"肉",2
"自",2
"色",2
"行",2
"西",2
"何",2
"体",2
"作",2
"図",2
"声",2
"売",2
"弟",2
"形",2
"来",2
"社",2
"角",2
"言",2
"谷",2
"走",2
"近",2
"里",2
"麦",2
"学",1
"林",1
"空",1
"金",1
"雨",1
"青",1
"草",1
"音",1
"化",3
"地",2
"両",3
"全",3
"向",3
"安",3
"州",3
"曲",3
"有",3
"次",3
"死",3
"羊",3
"血",3
"京",2
"国",2
"夜",2
"妹",2
"姉",2
"店",2
"明",2
"東",2
"歩",2
"画",2
"直",2
"知",2
"長",2
"前",2
"南",2
"室",2
"後",2
"思",2
"星",2
"活",2
"海",2
"点",2
"科",2
"茶",2
"食",2
"首",2
"欠",4
"氏",4
"由",3
"札",4
"民",4
"辺",4
"付",4
"以",4
"失",4
"必",4
"未",4
"末",4
"校",1
"夏",2
"家",2
"弱",2
"時",2
"紙",2
"記",2
"通",2
"高",2
"強",2
"教",2
"理",2
"組",2
"船",2
"週",2
"雪",2
"魚",2
"鳥",2
"黄",2
"黒",2
"支",5
"住",3
"助",3
"医",3
"君",3
"対",3
"局",3
"役",3
"投",3
"決",3
"究",3
"身",3
"者",3
"研",3
"馬",2
"森",1
"場",2
"朝",2
"番",2
"答",2
"絵",2
"買",2
"道",2
"間",2
"雲",2
"数",2
"楽",2
"話",2
"電",2
"所",3
"事",3
"使",3
"具",3
"受",3
"和",3
"始",3
"定",3
"実",3
"服",3
"泳",3
"物",3
"苦",3
"表",3
"部",3
"乗",3
"客",3
"屋",3
"度",3
"待",3
"持",3
"界",3
"発",3
"相",3
"県",3
"美",3
"負",3
"送",3
"重",3
"談",3
"要",4
"勝",3
"仮",5
"起",3
"速",3
"配",3
"酒",3
"院",3
"終",3
"習",3
"転",3
"進",3
"落",3
"葉",3
"軽",3
"運",3
"開",3
"集",3
"飲",3
"業",3
"漢",3
"路",3
"農",3
"鉄",3
"歌",2
"算",2
"聞",2
"語",2
"読",2
"鳴",2
"線",2
"横",3
"調",3
"親",2
"頭",2
"顔",2
"病",3
"最",4
"争",4
"仲",4
"伝",4
"共",4
"好",4
"成",4
"老",4
"位",4
"低",4
"初",4
"別",4
"利",4
"努",4
"労",4
"命",3
"岸",3
"放",3
"昔",3
"波",3
"注",3
"育",3
"拾",3
"指",3
"洋",3
"神",3
"秒",3
"級",3
"追",3
"戦",4
"競",4
"良",4
"功",4
"特",4
"便",4
"働",4
"令",4
"意",3
"味",3
"勉",3
"庭",3
"息",3
"旅",3
"根",3
"流",3
"消",3
"倍",3
"員",3
"島",3
"祭",3
"章",3
"第",3
"都",3
"動",3
"商",3
"悪",3
"族",3
"深",3
"球",3
"童",3
"陽",3
"階",3
"寒",3
"悲",3
"暑",3
"期",3
"植",3
"歯",3
"温",3
"港",3
"湯",3
"登",3
"着",3
"短",3
"野",2
"泉",6
"生",1
"亡",6
"合",2
"風",2
"予",3
"反",3
"新",2
"返",3
"問",3
"宿",3
"想",3
"感",3
"整",3
"暗",3
"様",3
"橋",3
"福",3
"緑",3
"練",3
"詩",3
"銀",3
"題",3
"館",3
"駅",3
"億",4
"器",4
"士",4
"料",4
"標",4
"殺",4
"然",4
"熱",4
"課",4
"賞",4
"輪",4
"選",4
"鏡",4
"願",4
"養",4
"像",5
"情",5
"謝",5
"映",6
"疑",6
"皆",8
"例",4
"卒",4
"協",4
"参",4
"周",4
"囲",4
"固",4
"季",4
"完",4
"希",4
"念",4
"折",4
"望",4
"材",4
"束",4
"松",4
"残",4
"求",4
"的",4
"約",4
"芸",4
"基",5
"性",5
"技",5
"格",5
"能",5
"術",5
"私",6
"骨",6
"妥",8
"雰",8
"頑",8
"寺",2
"岩",2
"帰",2
"春",2
"昼",2
"晴",2
"秋",2
"計",2
"列",3
"区",3
"坂",3
"式",3
"信",4
"勇",4
"単",4
"司",4
"変",4
"夫",4
"建",4
"昨",4
"毒",4
"法",4
"泣",4
"浅",4
"紀",4
"英",4
"軍",4
"飯",4
"仏",5
"築",5
"晩",6
"猫",8
"園",2
"曜",2
"書",2
"遠",2
"門",2
"係",3
"取",3
"品",3
"守",3
"幸",3
"急",3
"真",3
"箱",3
"荷",3
"面",3
"典",4
"喜",4
"府",4
"治",4
"浴",4
"笑",4
"辞",4
"関",4
"保",5
"弁",5
"政",5
"留",5
"証",5
"険",5
"危",6
"存",6
"専",6
"冒",8
"冗",8
"阪",8
"原",2
"細",2
"薬",3
"鼻",3
"側",4
"兵",4
"堂",4
"塩",4
"席",4
"敗",4
"果",4
"栄",4
"梅",4
"無",4
"結",4
"因",5
"常",5
"識",5
"非",5
"干",6
"是",8
"渉",8
"虚",8
"官",4
"察",4
"底",4
"愛",4
"署",6
"警",6
"恋",8
"覚",4
"説",4
"幻",8
"訓",4
"試",4
"弓",2
"告",4
"種",4
"達",4
"類",4
"報",5
"祈",8
"等",3
"汽",2
"借",4
"焼",4
"座",6
"忘",6
"洗",6
"胸",6
"脳",6
"僧",8
"禅",8
"験",4
"可",5
"許",5
"枚",6
"静",4
"句",5
"禁",5
"喫",8
"煙",8
"加",4
"節",4
"減",5
"順",4
"容",5
"布",5
"易",5
"財",5
"若",6
"詞",6
"昆",8
"閥",8
"歴",4
"舌",5
"冊",6
"宇",6
"宙",6
"忙",8
"履",8
"団",5
"暴",5
"混",5
"乱",6
"徒",4
"得",4
"改",4
"続",4
"連",4
"善",6
"困",6
"絡",8
"比",5
"災",5
"機",4
"率",5
"飛",4
"害",4
"余",5
"難",6
"妨",8
"被",8
"裕",8
"震",8
"尻",8
"尾",8
"械",4
"確",5
"嫌",8
"個",5
"圧",5
"在",5
"夢",5
"産",4
"倒",8
"臭",8
"厚",5
"妻",5
"議",4
"犯",5
"罪",5
"防",5
"穴",6
"論",6
"経",5
"笛",3
"史",4
"敵",5
"済",6
"委",3
"挙",4
"判",5
"制",5
"務",5
"査",5
"総",5
"設",5
"資",5
"権",6
"件",5
"派",6
"岡",8
"素",5
"断",5
"評",5
"批",6
"任",5
"検",5
"審",8
"条",5
"責",5
"省",4
"増",5
"税",5
"解",5
"際",5
"認",6
"企",8
"義",5
"罰",8
"誕",6
"脱",8
"過",5
"坊",8
"寝",8
"宮",3
"各",4
"案",4
"置",4
"費",4
"価",5
"勢",5
"営",5
"示",5
"統",5
"領",5
"策",6
"藤",8
"副",4
"観",4
"値",6
"吸",6
"域",6
"姿",6
"応",5
"提",5
"援",8
"状",5
"態",5
"賀",5
"収",6
"停",4
"革",6
"職",5
"鬼",8
"規",5
"護",5
"割",6
"裁",6
"崎",8
"演",5
"律",6
"師",5
"看",6
"準",5
"則",5
"備",5
"導",5
"幹",5
"張",5
"優",6
"宅",6
"沢",8
"贅",""
"施",8
"現",5
"乳",6
"呼",6
"城",6
"俳",6
"秀",8
"担",6
"額",5
"製",5
"違",8
"輸",5
"燃",5
"祝",4
"届",6
"狭",8
"肩",8
"腕",8
"腰",8
"触",8
"載",8
"層",6
"型",4
"庁",6
"視",6
"差",4
"管",4
"象",4
"量",4
"境",5
"環",8
"武",5
"質",5
"述",5
"供",6
"展",6
"販",8
"株",6
"限",5
"与",8
"含",8
"影",8
"況",8
"渡",8
"響",8
"票",4
"景",4
"抜",8
"訴",8
"訟",8
"逮",8
"補",6
"候",4
"構",5
"模",6
"捕",8
"鮮",8
"効",5
"属",5
"慣",5
"豊",5
"満",4
"肥",5
"巻",6
"捜",8
"絞",8
"輩",8
"隠",8
"掛",8
"替",8
"居",5
"造",5
"授",5
"印",4
"創",6
"復",5
"往",5
"較",8
"筆",3
"鉛",8
"貯",4
"故",5
"障",6
"従",6
"我",6
"激",6
"刺",8
"励",8
"討",6
"郵",6
"針",6
"徴",8
"怪",8
"獣",8
"突",8
"菓",8
"河",5
"振",8
"汗",8
"豚",8
"再",5
"接",5
"独",5
"占",8
"招",5
"段",6
"胃",4
"腹",6
"痛",6
"退",5
"屈",8
"悩",8
"暇",8
"織",5
"貸",5
"迷",5
"惑",8
"誘",8
"就",6
"訪",6
"怒",8
"昇",8
"眠",8
"睡",8
"症",8
"締",8
"迫",8
"靴",8
"濃",8
"端",8
"極",4
"途",8
"健",4
"康",4
"郎",8
"給",4
"逆",5
"巨",8
"庫",3
"児",4
"冷",4
"凍",8
"幼",6
"稚",8
"処",6
"博",4
"清",4
"潔",5
"録",4
"隊",4
"修",5
"券",5
"婦",5
"奇",8
"妙",8
"麗",8
"微",8
"益",5
"移",5
"程",5
"精",5
"絶",5
"並",6
"憲",6
"衆",6
"傘",8
"浜",8
"撃",8
"攻",8
"監",8
"杯",8
"乾",8
"催",8
"促",8
"欧",8
"江",8
"請",8
"雄",8
"韓",8
"壊",8
"診",8
"閣",6
"僚",8
"積",4
"督",8
"臣",4
"略",5
"航",4
"寄",5
"板",3
"街",4
"宗",6
"緊",8
"娘",8
"宴",8
"怖",8
"恐",8
"添",8
"猛",8
"烈",8
"索",8
"詰",8
"詳",8
"魅",8
"渇",8
"系",6
"婚",8
"遊",3
"旗",4
"照",4
"快",5
"版",5
"貧",5
"乏",8
"適",5
"預",5
"延",6
"翌",6
"覧",6
"懐",8
"押",8
"更",8
"枕",8
"浮",8
"漏",8
"符",8
"購",8
"越",8
"飾",8
"騒",8
"背",6
"撮",8
"盗",8
"離",8
"融",8
"編",5
"華",8
"既",8
"普",8
"豪",8
"鑑",8
"除",6
"尋",8
"幾",8
"廊",8
"掃",8
"泥",8
"棒",6
"驚",8
"嘆",8
"倉",4
"孫",4
"巣",4
"帯",4
"径",4
"救",4
"散",4
"粉",4
"脈",4
"菜",4
"貨",4
"陸",4
"似",5
"均",5
"墓",5
"富",5
"徳",5
"探",6
"偵",8
"綺",9
"序",5
"迎",8
"志",5
"恩",5
"採",5
"桜",5
"永",5
"液",5
"眼",5
"祖",5
"績",5
"興",5
"衛",5
"複",5
"雑",5
"賛",5
"酸",5
"銭",5
"飼",5
"傷",6
"党",6
"卵",6
"厳",6
"捨",6
"込",8
"密",6
"汚",8
"欲",6
"暖",6
"机",6
"秘",6
"訳",6
"染",6
"簡",6
"閉",6
"誌",6
"窓",6
"否",6
"筋",6
"垂",6
"宝",6
"宣",6
"尊",6
"忠",6
"拡",6
"操",6
"敬",6
"暮",6
"灰",6
"熟",6
"異",6
"皇",6
"盛",6
"砂",6
"漠",8
"糖",6
"納",6
"肺",6
"著",6
"蒸",6
"蔵",6
"装",6
"裏",6
"諸",6
"賃",6
"誤",6
"臓",6
"貴",6
"降",6
"丼",8
"吐",8
"奴",8
"隷",8
"芋",8
"縮",6
"純",6
"縦",6
"粋",8
"聖",6
"磁",6
"紅",6
"射",6
"幕",6
"拝",6
"薦",8
"推",6
"揮",6
"沿",6
"源",6
"劇",6
"勤",6
"歓",8
"承",5
"損",5
"枝",5
"爪",8
"豆",3
"刻",6
"腐",8
"遅",8
"彫",8
"測",5
"破",5
"舎",5
"講",5
"滞",8
"紹",8
"介",8
"己",6
"厄",8
"亀",8
"互",8
"剣",8
"寿",8
"彼",8
"恥",8
"杉",8
"汁",8
"噌",9
"炎",8
"為",8
"熊",8
"獄",8
"酔",8
"酢",8
"鍋",8
"湖",3
"銅",5
"払",8
"油",3
"醤",""
"旧",5
"姓",8
"貿",5
"将",6
"盟",6
"遺",6
"伸",8
"債",8
"及",8
"奈",8
"幅",8
"廃",8
"甘",8
"換",8
"摘",8
"核",8
"沖",8
"縄",8
"津",8
"献",8
"療",8
"継",8
"維",8
"舞",8
"伎",8
"踏",8
"般",8
"頼",8
"依",8
"鹿",8
"諾",8
"牙",8
"跳",8
"昭",3
"漁",4
"償",8
"刑",8
"募",8
"執",8
"塁",8
"崩",8
"患",8
"戻",8
"抗",8
"抵",8
"旬",8
"湾",8
"爆",8
"弾",8
"聴",8
"跡",8
"遣",8
"闘",8
"陣",8
"香",8
"兆",4
"臨",6
"削",8
"契",8
"恵",8
"抱",8
"掲",8
"狙",8
"葬",8
"需",8
"齢",8
"宜",8
"繰",8
"避",8
"妊",8
"娠",8
"致",8
"刊",5
"奏",6
"伴",8
"併",8
"傾",8
"却",8
"奥",8
"慮",8
"懸",8
"房",8
"扱",8
"抑",8
"択",8
"描",8
"盤",8
"称",8
"緒",8
"緩",8
"託",8
"賄",8
"賂",8
"贈",8
"逃",8
"還",8
"超",8
"邦",8
"鈴",8
"阜",8
"岐",8
"隆",8
"雇",8
"控",8
"壁",8
"棋",8
"渋",8
"片",6
"群",5
"仙",8
"充",8
"免",8
"勧",8
"圏",8
"埋",8
"埼",8
"奪",8
"御",8
"慎",8
"拒",8
"枠",8
"甲",8
"斐",9
"祉",8
"稲",8
"譲",8
"謙",8
"躍",8
"銃",8
"項",8
"鋼",6
"顧",8
"駐",8
"駆",8
"柱",3
"唱",4
"孝",6
"俊",8
"兼",8
"剤",8
"吹",8
"堀",8
"巡",8
"戒",8
"排",8
"携",8
"敏",8
"鋭",8
"敷",8
"殿",8
"犠",8
"獲",8
"茂",8
"繁",8
"頻",8
"殖",8
"薄",8
"衝",8
"誉",8
"褒",8
"透",8
"隣",8
"雅",8
"遜",8
"伺",8
"徹",8
"瀬",8
"撤",8
"措",8
"拠",8
"儀",8
"樹",6
"棄",8
"虎",8
"蛍",8
"蜂",8
"酎",8
"蜜",8
"墟",""
"艦",8
"潜",8
"拳",8
"炭",3
"畑",3
"包",4
"衣",4
"仁",6
"鉱",5
"至",6
"誠",6
"郷",6
"侵",8
"偽",8
"克",8
"到",8
"双",8
"哲",8
"喪",8
"堅",8
"床",8
"括",8
"弧",8
"挑",8
"掘",8
"揚",8
"握",8
"揺",8
"斎",8
"暫",8
"析",8
"枢",8
"軸",8
"柄",8
"泊",8
"滑",8
"潟",8
"焦",8
"範",8
"紛",8
"糾",8
"綱",8
"網",8
"肝",8
"芝",8
"荒",8
"袋",8
"誰",8
"珍",8
"裂",8
"襲",8
"貢",8
"趣",8
"距",8
"籍",8
"露",8
"牧",4
"刷",4
"朗",6
"潮",6
"即",8
"垣",8
"威",8
"封",8
"筒",8
"岳",8
"慰",8
"懇",8
"懲",8
"摩",8
"擦",8
"撲",8
"斉",8
"旨",8
"柔",8
"沈",8
"沼",8
"泰",8
"滅",8
"滋",8
"炉",8
"琴",8
"寸",6
"竜",8
"縁",8
"翼",8
"吉",8
"刃",8
"忍",8
"桃",8
"辛",8
"謎",8
"侍",8
"俺",8
"叱",8
"娯",8
"斗",8
"朱",8
"丘",8
"梨",8
"僕",8
"匹",8
"叫",8
"釣",8
"髪",8
"嵐",8
"笠",9
"涙",8
"缶",8
"姫",8
"棚",8
"粒",8
"砲",8
"雷",8
"芽",4
"塔",8
"澄",8
"矛",8
"肌",8
"舟",8
"鐘",8
"凶",8
"塊",8
"狩",8
"頃",8
"魂",8
"脚",8
"也",9
"井",8
"呪",8
"嬢",8
"暦",8
"曇",8
"眺",8
"裸",8
"賭",8
"疲",8
"塾",8
"卓",8
"磨",8
"菌",8
"陰",8
"霊",8
"湿",8
"硬",8
"稼",8
"嫁",8
"溝",8
"滝",8
"狂",8
"翔",9
"墨",8
"鳩",9
"穏",8
"鈍",8
"魔",8
"寮",8
"盆",8
"棟",8
"吾",9
"斬",8
"寧",8
"椅",8
"歳",8
"涼",8
"猿",8
"瞳",8
"鍵",8
"零",8
"碁",8
"租",8
"幽",8
"泡",8
"癖",8
"鍛",8
"錬",8
"穂",8
"帝",8
"瞬",8
"菊",8
"誇",8
"庄",9
"阻",8
"黙",8
"俵",5
"綿",5
"架",8
"砕",8
"粘",8
"粧",8
"欺",8
"詐",8
"霧",8
"柳",8
"伊",9
"佐",8
"尺",6
"哀",8
"唇",8
"塀",8
"墜",8
"如",8
"婆",8
"崖",8
"帽",8
"幣",8
"恨",8
"憎",8
"憩",8
"扇",8
"扉",8
"挿",8
"掌",8
"滴",8
"炊",8
"爽",8
"畳",8
"瞭",8
"箸",8
"胴",8
"芯",8
"虹",8
"帳",3
"蚊",8
"蛇",8
"貼",8
"辱",8
"鉢",8
"闇",8
"隙",8
"霜",8
"飢",8
"餓",8
"畜",8
"迅",8
"騎",8
"蓄",8
"尽",8
"彩",8
"憶",8
"溶",8
"耐",8
"踊",8
"賢",8
"輝",8
"脅",8
"麻",8
"灯",4
"咲",8
"培",8
"悔",8
"脇",8
"遂",8
"班",6
"塗",8
"斜",8
"殴",8
"盾",8
"穫",8
"巾",8
"駒",8
"紫",8
"抽",8
"誓",8
"悟",8
"拓",8
"拘",8
"礎",8
"鶴",8
"刈",8
"剛",8
"唯",8
"壇",8
"尼",8
"概",8
"浸",8
"淡",8
"煮",8
"覆",8
"謀",8
"陶",8
"隔",8
"征",8
"陛",6
"俗",8
"桑",8
"潤",8
"珠",8
"衰",8
"奨",8
"劣",8
"勘",8
"妃",8
"丈",8
"峰",8
"巧",8
"邪",8
"駄",8
"唐",8
"廷",8
"鬱",8
"鰐",""
"蟹",9
"簿",8
"彰",8
"漫",8
"訂",8
"諮",8
"銘",8
"堰",9
"堤",8
"漂",8
"翻",8
"軌",8
"后",6
"奮",6
"亭",8
"仰",8
"伯",8
"偶",8
"淀",9
"墳",8
"壮",8
"把",8
"搬",8
"晶",8
"洞",8
"涯",8
"疫",8
"孔",8
"偉",8
"頂",6
"召",8
"挟",8
"枯",8
"沸",8
"濯",8
"燥",8
"瓶",8
"耕",5
"肯",8
"脂",8
"膚",8
"軒",8
"軟",8
"郊",8
"隅",8
"隻",8
"邸",8
"郡",4
"釈",8
"肪",8
"喚",8
"媛",8
"貞",8
"玄",8
"苗",8
"渦",8
"慈",8
"襟",8
"蓮",9
"亮",9
"聡",9
"浦",8
"塚",8
"陥",8
"貫",8
"覇",8
"呂",8
"茨",8
"擁",8
"孤",8
"賠",8
"鎖",8
"噴",8
"祥",8
"牲",8
"秩",8
"唆",8
"膨",8
"芳",8
"恒",8
"倫",8
"陳",8
"須",8
"偏",8
"遇",8
"糧",8
"殊",8
"慢",8
"没",8
"怠",8
"遭",8
"惰",8
"猟",8
"乃",9
"綾",9
"颯",9
"隼",9
"輔",9
"寛",8
"胞",8
"浄",8
"随",8
"稿",8
"丹",8
"壌",8
"舗",8
"騰",8
"緯",8
"艇",8
"披",8
"錦",8
"准",8
"剰",8
"繊",8
"諭",8
"惨",8
"虐",8
"据",8
"徐",8
"搭",8
"蒙",9
"鯉",9
"戴",8
"緋",9
"曙",9
"胡",9
"瓜",9
"帥",8
"啓",8
"葵",9
"駿",9
"諒",9
"莉",9
"鯨",8
"荘",8
"栽",8
"拐",8
"冠",8
"勲",8
"酬",8
"紋",8
"卸",8
"欄",8
"逸",8
"尚",8
"顕",8
"粛",8
"愚",8
"庶",8
"践",8
"呈",8
"疎",8
"疾",8
"謡",8
"鎌",8
"酷",8
"叙",8
"且",8
"痴",8
"呆",""
"哺",8
"傲",8
"茎",8
"阿",9
"悠",8
"杏",9
"茜",9
"栞",9
"伏",8
"鎮",8
"奉",8
"憂",8
"朴",8
"栃",8
"惜",8
"佳",8
"悼",8
"該",8
"赴",8
"髄",8
"傍",8
"累",8
"癒",8
"郭",8
"尿",8
"賓",8
"虜",8
"憾",8
"弥",8
"粗",8
"循",8
"凝",8
"脊",8
"昌",9
"旦",8
"愉",8
"抹",8
"栓",8
"之",9
"龍",10
"遼",9
"瑛",9
"那",8
"拍",8
"猶",8
"宰",8
"寂",8
"縫",8
"呉",8
"凡",8
"恭",8
"錯",8
"穀",6
"陵",8
"弊",8
"舶",8
"窮",8
"悦",8
"縛",8
"轄",8
"弦",8
"窒",8
"洪",8
"摂",8
"飽",8
"紳",8
"庸",8
"靖",9
"嘉",9
"搾",8
"蝶",9
"碑",8
"尉",8
"凛",9
"匠",8
"遥",9
"智",9
"柴",9
"賊",8
"鼓",8
"旋",8
"腸",4
"槽",8
"伐",8
"漬",8
"坪",8
"紺",8
"羅",8
"峡",8
"俸",8
"醸",8
"弔",8
"乙",8
"遍",8
"衡",8
"款",8
"閲",8
"喝",8
"敢",8
"膜",8
"盲",8
"胎",8
"酵",8
"堕",8
"遮",8
"烏",9
"凸",8
"凹",8
"楓",9
"哉",9
"蒼",9
"瑠",8
"萌",9
"硫",8
"赦",8
"窃",8
"慨",8
"扶",8
"戯",8
"忌",8
"濁",8
"奔",8
"肖",8
"朽",8
"殻",8
"享",8
"藩",8
"媒",8
"鶏",8
"嘱",8
"迭",8
"椎",8
"絹",6
"陪",8
"剖",8
"譜",8
"淑",8
"帆",8
"憤",8
"酌",8
"暁",8
"傑",8
"錠",8
"凌",9
"瑞",9
"菅",9
"漣",9
"璃",8
"遷",8
"拙",8
"峠",8
"篤",8
"叔",8
"雌",8
"堪",8
"吟",8
"甚",8
"崇",8
"漆",8
"岬",8
"紡",8
"礁",8
"屯",8
"姻",8
"擬",8
"睦",8
"閑",8
"曹",8
"詠",8
"卑",8
"侮",8
"鋳",8
"蔑",8
"胆",8
"浪",8
"禍",8
"酪",8
"憧",8
"慶",8
"亜",8
"汰",8
"梓",9
"沙",8
"逝",8
"匿",8
"寡",8
"痢",8
"坑",8
"藍",8
"畔",8
"唄",8
"拷",8
"渓",8
"廉",8
"謹",8
"湧",8
"醜",8
"升",8
"殉",8
"煩",8
"劾",8
"桟",8
"婿",8
"慕",8
"罷",8
"矯",8
"某",8
"囚",8
"泌",8
"漸",8
"藻",8
"妄",8
"蛮",8
"倹",8
"狐",""
"唖",""
"娃",9
"挨",8
"姶",""
"逢",9
"穐",""
"渥",9
"旭",9
"葦",9
"芦",9
"鯵",""
"斡",9
"宛",8
"姐",""
"虻",""
"飴",""
"絢",9
"鮎",9
"或",9
"粟",9
"袷",""
"庵",9
"按",9
"鞍",9
"夷",9
"惟",9
"畏",8
"萎",8
"謂",9
"亥",9
"郁",9
"磯",9
"壱",8
"溢",9
"鰯",9
"允",9
"咽",8
"淫",8
"胤",9
"蔭",9
"韻",8
"吋",""
"迂",9
"卯",9
"鵜",9
"窺",9
"丑",9
"碓",9
"臼",8
"嘘",""
"欝",""
"蔚",""
"鰻",""
"姥",9
"厩",9
"閏",9
"噂",9
"云",9
"荏",""
"餌",8
"叡",9
"嬰",""
"曳",9
"洩",""
"盈",""
"穎",""
"頴",""
"謁",8
"榎",9
"厭",""
"奄",9
"怨",8
"掩",""
"焔",""
"燕",9
"艶",8
"苑",9
"薗",10
"鴛",""
"於",9
"甥",9
"旺",8
"翁",8
"襖",9
"鴬",""
"鴎",""
"荻",9
"臆",8
"桶",9
"牡",9
"伽",9
"珂",9
"禾",9
"箇",8
"苛",8
"茄",9
"蝦",9
"嘩",9
"迦",9
"霞",9
"俄",9
"峨",9
"臥",9
"蛾",""
"駕",9
"廻",9
"恢",9
"魁",9
"晦",9
"芥",9
"凱",9
"咳",""
"碍",""
"蓋",8
"鎧",9
"骸",8
"浬",9
"馨",9
"蛙",""
"柿",8
"蛎",""
"鈎",""
"劃",""
"嚇",8
"廓",""
"撹",""
"赫",""
"顎",8
"樫",9
"橿",""
"梶",9
"鰍",""
"恰",9
"葛",8
"褐",8
"鰹",""
"叶",9
"椛",9
"樺",9
"鞄",9
"兜",9
"竃",""
"蒲",9
"釜",8
"噛",""
"鴨",9
"栢",""
"茅",9
"萱",9
"粥",9
"苅",""
"瓦",8
"侃",9
"姦",""
"柑",9
"桓",""
"棺",8
"澗",""
"潅",""
"竿",9
"翰",""
"莞",9
"諌",""
"舘",""
"巌",9
"玩",8
"癌",""
"翫",""
"贋",""
"雁",9
"嬉",9
"毅",9
"畿",8
"稀",9
"徽",9
"妓",""
"祇",9
"蟻",""
"誼",9
"掬",9
"鞠",9
"吃",""
"桔",9
"橘",9
"砧",9
"杵",9
"黍",""
"仇",""
"汲",9
"灸",9
"笈",9
"渠",""
"鋸",9
"禦",""
"亨",9
"侠",""
"僑",""
"兇",""
"匡",9
"卿",9
"喬",9
"彊",""
"怯",""
"蕎",9
"饗",9
"尭",9
"桐",9
"粁",""
"僅",8
"斤",8
"欣",9
"欽",9
"禽",9
"芹",9
"衿",9
"倶",""
"狗",""
"玖",9
"矩",9
"躯",""
"駈",10
"虞",8
"喰",9
"寓",9
"串",8
"櫛",9
"釧",9
"屑",9
"窟",8
"沓",9
"轡",""
"窪",9
"隈",9
"粂",""
"栗",9
"鍬",9
"薫",8
"卦",""
"袈",9
"祁",9
"圭",9
"珪",""
"慧",9
"桂",9
"畦",""
"稽",8
"繋",""
"罫",""
"荊",""
"詣",8
"頚",""
"戟",9
"桁",8
"訣",9
"倦",9
"喧",9
"捲",9
"牽",9
"硯",9
"鹸",""
"絃",9
"舷",8
"諺",9
"乎",9
"姑",""
"糊",9
"袴",9
"股",8
"菰",""
"跨",9
"鈷",""
"伍",9
"梧",9
"檎",9
"瑚",9
"醐",9
"乞",8
"佼",""
"侯",8
"倖",9
"勾",8
"喉",8
"垢",""
"宏",9
"巷",9
"庚",9
"弘",9
"慌",8
"昂",9
"晃",9
"杭",9
"梗",8
"浩",9
"糠",""
"紘",9
"肱",""
"腔",9
"膏",9
"砿",""
"閤",9
"鴻",9
"劫",9
"壕",9
"濠",""
"轟",9
"麹",""
"鵠",""
"漉",""
"甑",""
"忽",9
"惚",9
"狛",""
"此",9
"坤",""
"墾",8
"昏",9
"梱",""
"痕",8
"艮",""
"些",9
"叉",9
"嵯",9
"瑳",9
"裟",9
"坐",9
"挫",8
"塞",8
"采",8
"犀",9
"砦",9
"冴",9
"堺",9
"榊",9
"肴",9
"碕",""
"鷺",9
"咋",""
"朔",9
"柵",8
"窄",9
"鮭",""
"笹",9
"匙",""
"拶",8
"薩",9
"皐",9
"鯖",""
"捌",""
"錆",9
"鮫",""
"晒",9
"撒",9
"燦",9
"珊",9
"纂",9
"蚕",6
"讃",9
"餐",""
"仔",9
"嗣",8
"屍",""
"孜",9
"斯",9
"獅",9
"肢",8
"賜",8
"爾",9
"璽",8
"痔",""
"而",9
"蒔",9
"汐",9
"鴫",""
"竺",9
"宍",""
"雫",9
"嫉",8
"悉",9
"蔀",""
"篠",9
"偲",9
"屡",""
"蕊",""
"縞",9
"紗",9
"勺",9
"杓",""
"灼",9
"爵",8
"錫",9
"惹",9
"腫",8
"儒",8
"綬",""
"愁",8
"洲",9
"繍",""
"蒐",9
"讐",""
"蹴",8
"輯",9
"酋",""
"什",""
"戎",""
"夙",""
"峻",9
"竣",9
"舜",9
"楯",9
"淳",9
"遵",8
"醇",9
"渚",9
"薯",""
"藷",""
"恕",9
"鋤",""
"哨",9
"嘗",9
"妾",""
"娼",""
"宵",8
"廠",""
"抄",8
"捷",9
"梢",9
"樟",9
"樵",""
"湘",9
"硝",8
"菖",9
"蒋",""
"蕉",9
"裳",9
"詔",8
"鉦",""
"鍾",""
"鞘",9
"丞",9
"擾",""
"杖",9
"穣",9
"埴",9
"拭",8
"燭",9
"蝕",""
"晋",9
"榛",9
"疹",""
"秦",9
"薪",8
"塵",""
"壬",9
"腎",8
"訊",9
"靭",""
"笥",""
"諏",9
"厨",9
"逗",9
"翠",9
"錐",9
"錘",9
"嵩",9
"趨",""
"雛",9
"椙",""
"頗",9
"雀",9
"裾",8
"摺",9
"畝",8
"凄",8
"棲",9
"栖",9
"醒",8
"脆",""
"戚",8
"斥",8
"蹟",9
"碩",9
"蝉",""
"尖",9
"撰",9
"栴",""
"煎",8
"煽",""
"穿",9
"箭",""
"羨",8
"腺",8
"舛",""
"詮",8
"賎",""
"銑",9
"閃",9
"繕",8
"膳",8
"糎",""
"塑",8
"岨",""
"曾",10
"曽",8
"楚",9
"疏",9
"蘇",9
"遡",8
"鼠",""
"叢",9
"宋",9
"匝",""
"惣",9
"掻",""
"槍",9
"漕",9
"痩",8
"糟",""
"綜",9
"鎗",""
"捉",8
"袖",8
"其",9
"揃",9
"詑",""
"唾",8
"柁",""
"舵",9
"楕",9
"陀",9
"騨",""
"堆",8
"岱",""
"腿",""
"苔",9
"黛",9
"鯛",9
"醍",9
"鷹",9
"瀧",10
"啄",9
"托",9
"琢",9
"鐸",""
"茸",9
"凧",9
"蛸",""
"只",9
"叩",""
"但",8
"辰",9
"巽",9
"竪",9
"辿",9
"狸",""
"鱈",""
"樽",9
"坦",9
"歎",9
"湛",9
"箪",""
"綻",8
"耽",9
"蛋",""
"檀",9
"弛",9
"蜘",""
"馳",9
"筑",9
"逐",8
"嫡",8
"衷",8
"註",9
"樗",""
"瀦",""
"猪",9
"苧",""
"凋",""
"喋",9
"寵",9
"帖",9
"暢",9
"牒",9
"脹",9
"諜",""
"銚",""
"勅",8
"捗",8
"朕",8
"槌",9
"鎚",""
"栂",""
"掴",""
"槻",9
"佃",9
"柘",9
"辻",9
"蔦",9
"綴",9
"鍔",""
"椿",9
"潰",8
"壷",""
"嬬",""
"紬",9
"吊",""
"剃",""
"悌",9
"挺",9
"梯",9
"汀",9
"碇",""
"禎",9
"諦",8
"蹄",9
"逓",8
"鄭",9
"釘",9
"鼎",9
"擢",9
"鏑",""
"溺",8
"轍",""
"填",""
"纏",9
"甜",""
"顛",""
"澱",""
"兎",9
"堵",9
"妬",8
"屠",""
"杜",9
"菟",""
"鍍",""
"砥",9
"砺",""
"塘",""
"套",9
"宕",9
"嶋",10
"梼",""
"淘",""
"涛",""
"燈",10
"痘",8
"祷",9
"董",9
"蕩",""
"謄",8
"鐙",""
"撞",9
"萄",9
"鴇",""
"涜",""
"禿",""
"橡",""
"椴",""
"鳶",9
"苫",""
"寅",9
"酉",9
"瀞",""
"噸",""
"惇",9
"敦",9
"沌",9
"遁",9
"頓",8
"呑",""
"乍",""
"凪",9
"薙",9
"灘",9
"捺",9
"楢",9
"馴",9
"畷",""
"楠",9
"汝",9
"弐",8
"迩",""
"匂",8
"賑",9
"廿",9
"韮",""
"濡",9
"禰",9
"祢",9
"葱",""
"捻",8
"撚",""
"廼",""
"埜",10
"嚢",""
"膿",""
"覗",""
"蚤",""
"巴",9
"播",9
"杷",9
"琶",9
"罵",8
"芭",9
"盃",10
"牌",""
"楳",""
"煤",9
"狽",""
"這",9
"蝿",""
"秤",9
"矧",""
"萩",9
"剥",8
"柏",9
"箔",9
"粕",""
"曝",9
"莫",9
"駁",""
"函",9
"硲",""
"肇",9
"筈",9
"櫨",""
"幡",9
"畠",9
"溌",""
"醗",""
"筏",""
"噺",""
"塙",9
"蛤",""
"叛",""
"斑",8
"氾",8
"汎",8
"釆",""
"頒",8
"挽",9
"磐",9
"蕃",9
"匪",""
"庇",9
"誹",""
"樋",9
"簸",""
"枇",9
"毘",9
"琵",9
"眉",8
"柊",9
"稗",""
"疋",9
"髭",""
"彦",9
"膝",8
"菱",9
"肘",8
"弼",""
"畢",9
"逼",""
"桧",9
"紐",9
"謬",""
"彪",9
"瓢",9
"豹",9
"廟",9
"錨",""
"鋲",""
"蒜",""
"蛭",""
"鰭",""
"彬",9
"斌",""
"瀕",9
"埠",""
"冨",10
"斧",9
"芙",9
"賦",8
"附",8
"撫",9
"葡",9
"蕪",9
"葺",9
"蕗",9
"淵",9
"弗",""
"鮒",""
"吻",9
"扮",""
"焚",9
"糞",""
"丙",8
"蔽",8
"頁",9
"僻",""
"碧",9
"瞥",9
"箆",""
"篇",9
"娩",9
"鞭",9
"鋪",""
"圃",9
"甫",9
"戊",9
"菩",9
"倣",8
"峯",10
"庖",""
"捧",9
"朋",9
"烹",""
"蓬",9
"鋒",9
"鳳",9
"鵬",9
"貌",8
"鉾",""
"吠",""
"頬",""
"卜",9
"穆",""
"釦",""
"勃",8
"殆",9
"幌",9
"昧",8
"哩",9
"槙",9
"鮪",""
"柾",9
"鱒",9
"桝",""
"亦",9
"俣",9
"沫",9
"迄",9
"侭",""
"繭",8
"麿",9
"蔓",9
"巳",9
"箕",9
"湊",9
"蓑",9
"稔",9
"粍",""
"牟",9
"鵡",""
"椋",9
"冥",8
"姪",9
"牝",""
"棉",""
"緬",""
"麺",8
"摸",""
"孟",9
"耗",8
"儲",9
"杢",""
"勿",9
"餅",8
"尤",9
"籾",9
"貰",9
"悶",""
"匁",9
"冶",8
"爺",""
"耶",9
"薮",""
"鑓",""
"愈",""
"佑",9
"宥",9
"揖",""
"柚",9
"涌",""
"猷",""
"祐",9
"邑",9
"輿",9
"傭",9
"妖",8
"楊",9
"熔",""
"窯",8
"耀",9
"蓉",9
"慾",""
"沃",8
"螺",9
"莱",""
"洛",9
"濫",8
"蘭",9
"吏",8
"李",9
"裡",9
"葎",""
"掠",9
"劉",9
"溜",9
"琉",9
"侶",8
"梁",9
"稜",9
"厘",8
"淋",9
"燐",""
"琳",9
"鱗",9
"麟",9
"伶",9
"嶺",9
"怜",9
"玲",9
"苓",""
"憐",9
"煉",9
"簾",9
"聯",""
"魯",9
"櫓",9
"婁",""
"弄",8
"楼",8
"榔",""
"牢",""
"狼",9
"篭",""
"聾",""
"蝋",""
"麓",8
"禄",9
"肋",9
"倭",9
"歪",""
"鷲",9
"亙",9
"亘",9
"詫",9
"藁",9
"蕨",9
"椀",9
"碗",9
"弌",""
"丐",""
"丕",""
"个",""
"丱",""
"丶",""
"丿",""
"乂",""
"乖",""
"乘",10
"亂",""
"亅",""
"豫",""
"亊",""
"舒",""
"弍",""
"于",""
"亞",10
"亟",""
"亠",""
"亢",""
"亰",""
"亳",""
"亶",""
"从",""
"仍",""
"仄",""
"仆",""
"仂",""
"仗",""
"仞",""
"仭",""
"仟",""
"价",""
"伉",""
"佚",""
"估",""
"佛",10
"佝",""
"佗",""
"佇",""
"佶",""
"侈",""
"侏",""
"侘",""
"佻",""
"佩",""
"佰",""
"侑",9
"佯",""
"來",10
"侖",""
"儘",""
"俔",""
"俟",""
"俎",""
"俘",""
"俛",""
"俑",""
"俚",""
"俐",9
"俤",""
"俥",""
"倚",""
"倨",""
"倔",""
"倪",""
"倥",""
"倅",""
"伜",""
"俶",""
"倡",""
"倩",""
"倬",""
"俾",""
"俯",""
"們",""
"倆",""
"偃",""
"假",""
"會",""
"偕",""
"偐",""
"偈",""
"做",""
"偖",""
"偬",""
"偸",""
"傀",""
"傚",""
"傅",""
"傴",""
"僉",""
"僊",""
"傳",10
"僂",""
"僖",""
"僞",10
"僥",""
"僭",""
"僣",""
"僮",""
"價",10
"僵",""
"儉",10
"儁",""
"儂",""
"儖",""
"儕",""
"儔",""
"儚",""
"儡",""
"儺",""
"儷",""
"儼",""
"儻",""
"儿",""
"兀",""
"兒",10
"兌",""
"兔",""
"兢",""
"竸",""
"兩",""
"兪",""
"兮",""
"冀",""
"冂",""
"囘",""
"册",""
"冉",""
"冏",""
"冑",""
"冓",""
"冕",""
"冖",""
"冤",""
"冦",""
"冢",""
"冩",""
"冪",""
"冫",""
"决",""
"冱",""
"冲",""
"冰",""
"况",""
"冽",""
"凅",""
"凉",10
"几",""
"處",""
"凩",""
"凭",""
"凰",9
"凵",""
"凾",""
"刄",""
"刋",""
"刔",""
"刎",""
"刧",""
"刪",""
"刮",""
"刳",""
"刹",8
"剏",""
"剄",""
"剋",""
"剌",""
"剞",""
"剔",""
"剪",""
"剴",""
"剩",10
"剳",""
"剿",""
"剽",""
"劍",10
"劔",""
"劒",""
"剱",""
"劈",""
"劑",""
"辨",""
"辧",""
"劬",""
"劭",""
"劼",""
"劵",""
"勁",9
"勍",""
"勗",""
"勞",""
"勣",""
"勦",""
"飭",""
"勠",""
"勳",10
"勵",""
"勸",""
"勹",""
"匆",""
"匈",""
"甸",""
"匍",""
"匐",""
"匏",""
"匕",""
"匚",""
"匣",""
"匯",""
"匱",""
"匳",""
"匸",""
"區",""
"卆",""
"卅",""
"丗",""
"卉",""
"卍",""
"凖",""
"卞",""
"卩",""
"卮",""
"夘",""
"卻",""
"卷",10
"厂",""
"厖",""
"厠",""
"厦",""
"厥",""
"厮",""
"厰",""
"厶",""
"參",""
"簒",""
"雙",""
"叟",""
"曼",""
"燮",""
"叮",""
"叨",""
"叭",""
"叺",""
"吁",""
"吽",""
"呀",""
"听",""
"吭",""
"吼",""
"吮",""
"吶",""
"吩",""
"吝",""
"呎",""
"咏",""
"呵",""
"咎",""
"呟",""
"呱",""
"呷",""
"呰",""
"咒",""
"呻",""
"咀",""
"呶",""
"咄",""
"咐",""
"咆",""
"哇",""
"咢",""
"咸",""
"咥",""
"咬",""
"哄",""
"哈",""
"咨",""
"咫",""
"哂",""
"咤",""
"咾",""
"咼",""
"哘",""
"哥",""
"哦",""
"唏",""
"唔",""
"哽",""
"哮",""
"哭",""
"哢",""
"唹",""
"啀",""
"啣",""
"啌",""
"售",""
"啜",""
"啅",""
"啖",""
"啗",""
"唸",""
"唳",""
"啝",""
"喙",""
"喀",""
"咯",""
"喊",""
"喟",""
"啻",""
"啾",""
"喘",""
"喞",""
"單",10
"啼",""
"喃",""
"喩",8
"喇",""
"喨",""
"嗚",""
"嗅",8
"嗟",""
"嗄",""
"嗜",""
"嗤",""
"嗔",""
"嘔",""
"嗷",""
"嘖",""
"嗾",""
"嗽",""
"嘛",""
"嗹",""
"噎",""
"噐",""
"營",""
"嘴",""
"嘶",""
"嘲",8
"嘸",""
"噫",""
"噤",""
"嘯",""
"噬",""
"噪",""
"嚆",""
"嚀",""
"嚊",""
"嚠",""
"嚔",""
"嚏",""
"嚥",""
"嚮",""
"嚶",""
"嚴",10
"囂",""
"嚼",""
"囁",""
"囃",""
"囀",""
"囈",""
"囎",""
"囑",""
"囓",""
"囗",""
"囮",""
"囹",""
"圀",""
"囿",""
"圄",""
"圉",""
"圈",10
"國",10
"圍",""
"圓",10
"團",10
"圖",""
"嗇",""
"圜",""
"圦",""
"圷",""
"圸",""
"坎",""
"圻",""
"址",""
"坏",""
"坩",""
"埀",""
"垈",""
"坡",""
"坿",""
"垉",""
"垓",""
"垠",""
"垳",""
"垤",""
"垪",""
"垰",""
"埃",""
"埆",""
"埔",""
"埒",""
"埓",""
"堊",""
"埖",""
"埣",""
"堋",""
"堙",""
"堝",""
"塲",""
"堡",""
"塢",""
"塋",""
"塰",""
"毀",8
"塒",""
"堽",""
"塹",""
"墅",""
"墹",""
"墫",""
"墺",""
"壞",10
"墻",""
"墸",""
"墮",""
"壅",""
"壓",""
"壑",""
"壗",""
"壙",""
"壘",10
"壥",""
"壜",""
"壤",""
"壟",""
"壯",10
"壺",""
"壹",""
"壻",""
"壼",""
"壽",10
"夂",""
"夊",""
"夐",""
"夛",""
"梦",""
"夥",""
"夬",""
"夭",""
"夲",""
"夸",""
"夾",""
"竒",""
"奕",""
"奐",""
"奎",9
"奚",""
"奘",""
"奢",""
"奠",""
"奧",10
"奬",10
"奩",""
"奸",""
"妁",""
"妝",""
"佞",""
"侫",""
"妣",""
"妲",""
"姆",""
"姨",""
"姜",""
"妍",""
"姙",""
"姚",""
"娥",""
"娟",""
"娑",""
"娜",""
"娉",""
"娚",""
"婀",""
"婬",""
"婉",""
"娵",""
"娶",""
"婢",""
"婪",""
"媚",""
"媼",""
"媾",""
"嫋",""
"嫂",""
"媽",""
"嫣",""
"嫗",""
"嫦",""
"嫩",""
"嫖",""
"嫺",""
"嫻",""
"嬌",""
"嬋",""
"嬖",""
"嬲",""
"嫐",""
"嬪",""
"嬶",""
"嬾",""
"孃",10
"孅",""
"孀",""
"孑",""
"孕",""
"孚",""
"孛",""
"孥",""
"孩",""
"孰",""
"孳",""
"孵",""
"學",""
"斈",""
"孺",""
"宀",""
"它",""
"宦",""
"宸",""
"寃",""
"寇",""
"寉",""
"寔",""
"寐",""
"寤",""
"實",10
"寢",10
"寞",""
"寥",""
"寫",""
"寰",""
"寶",""
"寳",""
"尅",""
"將",10
"專",10
"對",""
"尓",""
"尠",""
"尢",""
"尨",""
"尸",""
"尹",""
"屁",""
"屆",""
"屎",""
"屓",""
"屐",""
"屏",""
"孱",""
"屬",""
"屮",""
"乢",""
"屶",""
"屹",""
"岌",""
"岑",""
"岔",""
"妛",""
"岫",""
"岻",""
"岶",""
"岼",""
"岷",""
"峅",""
"岾",""
"峇",""
"峙",""
"峩",""
"峽",10
"峺",""
"峭",""
"嶌",""
"峪",""
"崋",""
"崕",""
"崗",""
"嵜",""
"崟",""
"崛",""
"崑",""
"崔",""
"崢",""
"崚",9
"崙",""
"崘",""
"嵌",""
"嵒",""
"嵎",""
"嵋",""
"嵬",""
"嵳",""
"嵶",""
"嶇",""
"嶄",""
"嶂",""
"嶢",""
"嶝",""
"嶬",""
"嶮",""
"嶽",""
"嶐",""
"嶷",""
"嶼",""
"巉",""
"巍",""
"巓",""
"巒",""
"巖",9
"巛",""
"巫",9
"已",9
"巵",""
"帋",""
"帚",""
"帙",""
"帑",""
"帛",""
"帶",10
"帷",""
"幄",""
"幃",""
"幀",""
"幎",""
"幗",""
"幔",""
"幟",""
"幢",""
"幤",""
"幇",""
"幵",""
"并",""
"幺",""
"麼",""
"广",""
"庠",""
"廁",""
"廂",""
"廈",""
"廐",""
"廏",""
"廖",""
"廣",10
"廝",""
"廚",""
"廛",""
"廢",""
"廡",""
"廨",""
"廩",""
"廬",""
"廱",""
"廳",10
"廰",""
"廴",""
"廸",""
"廾",""
"弃",""
"弉",""
"彝",""
"彜",""
"弋",""
"弑",""
"弖",""
"弩",""
"弭",""
"弸",""
"彁",""
"彈",10
"彌",10
"彎",""
"弯",""
"彑",""
"彖",""
"彗",9
"彙",8
"彡",""
"彭",""
"彳",""
"彷",""
"徃",""
"徂",""
"彿",""
"徊",""
"很",""
"徑",""
"徇",""
"從",10
"徙",""
"徘",""
"徠",9
"徨",""
"徭",""
"徼",""
"忖",""
"忻",""
"忤",""
"忸",""
"忱",""
"忝",""
"悳",""
"忿",""
"怡",""
"恠",""
"怙",""
"怐",""
"怩",""
"怎",""
"怱",""
"怛",""
"怕",""
"怫",""
"怦",""
"怏",""
"怺",""
"恚",""
"恁",""
"恪",""
"恷",""
"恟",""
"恊",""
"恆",10
"恍",""
"恣",8
"恃",""
"恤",""
"恂",""
"恬",""
"恫",""
"恙",""
"悁",""
"悍",""
"惧",8
"悃",""
"悚",""
"悄",""
"悛",""
"悖",""
"悗",""
"悒",""
"悧",""
"悋",""
"惡",10
"悸",""
"惠",10
"惓",""
"悴",""
"忰",""
"悽",""
"惆",""
"悵",""
"惘",""
"慍",""
"愕",""
"愆",""
"惶",""
"惷",""
"愀",""
"惴",""
"惺",9
"愃",""
"愡",""
"惻",""
"惱",""
"愍",""
"愎",""
"慇",""
"愾",""
"愨",""
"愧",""
"慊",""
"愿",""
"愼",10
"愬",""
"愴",""
"愽",""
"慂",""
"慄",8
"慳",""
"慷",""
"慘",""
"慙",""
"慚",""
"慫",""
"慴",""
"慯",""
"慥",""
"慱",""
"慟",""
"慝",""
"慓",""
"慵",""
"憙",""
"憖",""
"憇",""
"憬",8
"憔",""
"憚",""
"憊",""
"憑",""
"憫",""
"憮",""
"懌",""
"懊",""
"應",10
"懷",10
"懈",""
"懃",""
"懆",""
"憺",""
"懋",""
"罹",""
"懍",""
"懦",""
"懣",""
"懶",""
"懺",""
"懴",""
"懿",""
"懽",""
"懼",""
"懾",""
"戀",""
"戈",""
"戉",""
"戍",""
"戌",""
"戔",""
"戛",""
"戞",""
"戡",""
"截",""
"戮",""
"戰",10
"戲",10
"戳",""
"扁",""
"扎",""
"扞",""
"扣",""
"扛",""
"扠",""
"扨",""
"扼",""
"抂",""
"抉",""
"找",""
"抒",""
"抓",""
"抖",""
"拔",10
"抃",""
"抔",""
"拗",""
"拑",""
"抻",""
"拏",""
"拿",""
"拆",""
"擔",""
"拈",""
"拜",10
"拌",""
"拊",""
"拂",10
"拇",""
"抛",""
"拉",8
"挌",""
"拮",""
"拱",""
"挧",""
"挂",""
"挈",""
"拯",""
"拵",""
"捐",""
"挾",""
"捍",""
"搜",10
"捏",""
"掖",""
"掎",""
"掀",""
"掫",""
"捶",""
"掣",""
"掏",""
"掉",""
"掟",""
"掵",""
"捫",""
"捩",""
"掾",""
"揩",""
"揀",""
"揆",""
"揣",""
"揉",""
"插",""
"揶",""
"揄",""
"搖",10
"搴",""
"搆",""
"搓",""
"搦",""
"搶",""
"攝",10
"搗",""
"搨",""
"搏",""
"摧",""
"摯",8
"摶",""
"摎",""
"攪",""
"撕",""
"撓",""
"撥",""
"撩",""
"撈",""
"撼",""
"據",""
"擒",""
"擅",""
"擇",""
"撻",""
"擘",""
"擂",""
"擱",""
"擧",""
"舉",""
"擠",""
"擡",""
"抬",""
"擣",""
"擯",""
"攬",""
"擶",""
"擴",""
"擲",""
"擺",""
"攀",""
"擽",""
"攘",""
"攜",""
"攅",""
"攤",""
"攣",""
"攫",""
"攴",""
"攵",""
"攷",""
"收",10
"攸",""
"畋",""
"效",""
"敖",""
"敕",""
"敍",10
"敘",""
"敞",""
"敝",""
"敲",""
"數",""
"斂",""
"斃",""
"變",""
"斛",""
"斟",""
"斫",""
"斷",""
"旃",""
"旆",""
"旁",""
"旄",""
"旌",""
"旒",""
"旛",""
"旙",""
"无",""
"旡",""
"旱",""
"杲",""
"昊",9
"昃",""
"旻",""
"杳",""
"昵",""
"昶",""
"昴",9
"昜",""
"晏",9
"晄",9
"晉",""
"晁",""
"晞",""
"晝",10
"晤",""
"晧",""
"晨",9
"晟",9
"晢",""
"晰",""
"暃",""
"暈",""
"暎",""
"暉",9
"暄",""
"暘",""
"暝",""
"曁",""
"暹",""
"曉",10
"暾",""
"暼",""
"曄",""
"暸",""
"曖",8
"曚",""
"曠",""
"昿",""
"曦",""
"曩",""
"曰",""
"曵",""
"曷",""
"朏",""
"朖",""
"朞",""
"朦",""
"朧",""
"霸",""
"朮",""
"朿",""
"朶",""
"杁",""
"朸",""
"朷",""
"杆",""
"杞",""
"杠",""
"杙",""
"杣",""
"杤",""
"枉",""
"杰",""
"枩",""
"杼",""
"杪",""
"枌",""
"枋",""
"枦",""
"枡",""
"枅",""
"枷",""
"柯",""
"枴",""
"柬",""
"枳",""
"柩",""
"枸",""
"柤",""
"柞",""
"柝",""
"柢",""
"柮",""
"枹",""
"柎",""
"柆",""
"柧",""
"檜",9
"框",""
"栩",""
"桀",""
"桍",""
"栲",""
"桎",""
"梳",""
"栫",""
"桙",""
"档",""
"桷",""
"桿",""
"梟",""
"梏",""
"梭",""
"梔",""
"條",10
"梛",9
"梃",""
"檮",""
"梹",""
"桴",""
"梵",""
"梠",""
"梺",""
"椏",""
"梍",""
"桾",""
"椁",""
"棊",""
"椈",""
"棘",""
"椢",""
"椦",""
"棡",""
"椌",""
"棍",""
"棔",""
"棧",""
"棕",""
"椶",""
"椒",""
"椄",""
"棗",""
"棣",""
"椥",""
"棹",""
"棠",""
"棯",""
"椨",""
"椪",""
"椚",""
"椣",""
"椡",""
"棆",""
"楹",""
"楷",8
"楜",""
"楸",""
"楫",""
"楔",""
"楾",""
"楮",""
"椹",""
"楴",""
"椽",""
"楙",""
"椰",9
"楡",""
"楞",""
"楝",""
"榁",""
"楪",""
"榲",""
"榮",10
"槐",""
"榿",""
"槁",""
"槓",""
"榾",""
"槎",""
"寨",""
"槊",""
"槝",""
"榻",""
"槃",""
"榧",""
"樮",""
"榑",""
"榠",""
"榜",""
"榕",""
"榴",""
"槞",""
"槨",""
"樂",10
"樛",""
"槿",""
"權",""
"槹",""
"槲",""
"槧",""
"樅",""
"榱",""
"樞",""
"槭",""
"樔",""
"槫",""
"樊",""
"樒",""
"櫁",""
"樣",10
"樓",""
"橄",""
"樌",""
"橲",""
"樶",""
"橸",""
"橇",""
"橢",""
"橙",9
"橦",""
"橈",""
"樸",""
"樢",""
"檐",""
"檍",""
"檠",""
"檄",""
"檢",10
"檣",""
"檗",""
"蘗",""
"檻",""
"櫃",""
"櫂",9
"檸",""
"檳",""
"檬",""
"櫞",""
"櫑",""
"櫟",""
"檪",""
"櫚",""
"櫪",""
"櫻",10
"欅",""
"蘖",""
"櫺",""
"欒",""
"欖",""
"欟",""
"欸",""
"欷",""
"盜",10
"欹",""
"飮",""
"歇",""
"歃",""
"歉",""
"歐",""
"歙",""
"歔",""
"歛",""
"歟",""
"歡",""
"歸",""
"歹",""
"歿",""
"殀",""
"殄",""
"殃",""
"殍",""
"殘",""
"殕",""
"殞",""
"殤",""
"殪",""
"殫",""
"殯",""
"殲",""
"殱",""
"殳",""
"殷",""
"殼",""
"毆",""
"毋",""
"毓",""
"毟",""
"毬",9
"毫",""
"毳",""
"毯",""
"麾",""
"氈",""
"氓",""
"气",""
"氛",""
"氤",""
"氣",10
"汞",""
"汕",""
"汢",""
"汪",""
"沂",""
"沍",""
"沚",""
"沁",""
"沛",""
"汾",""
"汨",""
"汳",""
"沒",""
"沐",""
"泄",""
"泱",""
"泓",""
"沽",""
"泗",""
"泅",""
"泝",""
"沮",""
"沱",""
"沾",""
"沺",""
"泛",""
"泯",""
"泙",""
"泪",""
"洟",""
"衍",""
"洶",""
"洫",""
"洽",""
"洸",9
"洙",""
"洵",9
"洳",""
"洒",""
"洌",""
"浣",""
"涓",""
"浤",""
"浚",""
"浹",""
"浙",""
"涎",""
"涕",""
"濤",""
"涅",""
"淹",""
"渕",""
"渊",""
"涵",""
"淇",""
"淦",""
"涸",""
"淆",""
"淬",""
"淞",""
"淌",""
"淨",10
"淒",""
"淅",""
"淺",""
"淙",""
"淤",""
"淕",""
"淪",""
"淮",""
"渭",""
"湮",""
"渮",""
"渙",""
"湲",""
"湟",""
"渾",""
"渣",""
"湫",""
"渫",""
"湶",""
"湍",""
"渟",""
"湃",""
"渺",""
"湎",""
"渤",""
"滿",""
"渝",""
"游",""
"溂",""
"溪",""
"溘",""
"滉",9
"溷",""
"滓",""
"溽",""
"溯",""
"滄",""
"溲",""
"滔",""
"滕",""
"溏",""
"溥",""
"滂",""
"溟",""
"潁",""
"漑",""
"灌",""
"滬",""
"滸",""
"滾",""
"漿",""
"滲",""
"漱",9
"滯",10
"漲",""
"滌",""
"漾",""
"漓",""
"滷",""
"澆",""
"潺",""
"潸",""
"澁",10
"澀",""
"潯",""
"潛",""
"濳",""
"潭",""
"澂",""
"潼",""
"潘",""
"澎",""
"澑",""
"濂",""
"潦",""
"澳",""
"澣",""
"澡",""
"澤",""
"澹",""
"濆",""
"澪",9
"濟",""
"濕",10
"濬",""
"濔",""
"濘",""
"濱",""
"濮",""
"濛",""
"瀉",""
"瀋",""
"濺",""
"瀑",""
"瀁",""
"瀏",""
"濾",""
"瀛",""
"瀚",""
"潴",""
"瀝",""
"瀘",""
"瀟",""
"瀰",""
"瀾",""
"瀲",""
"灑",""
"灣",""
"炙",""
"炒",""
"炯",""
"烱",""
"炬",""
"炸",""
"炳",""
"炮",""
"烟",""
"烋",""
"烝",""
"烙",""
"焉",""
"烽",""
"焜",""
"焙",""
"煥",""
"煕",""
"熈",""
"煦",""
"煢",""
"煌",9
"煖",""
"煬",""
"熏",""
"燻",""
"熄",""
"熕",""
"熨",""
"熬",""
"燗",""
"熹",""
"熾",""
"燒",10
"燉",""
"燔",""
"燎",9
"燠",""
"燬",""
"燧",""
"燵",""
"燼",""
"燹",""
"燿",9
"爍",""
"爐",""
"爛",""
"爨",""
"爭",10
"爬",""
"爰",""
"爲",10
"爻",""
"爼",""
"爿",""
"牀",""
"牆",""
"牋",""
"牘",""
"牴",""
"牾",""
"犂",""
"犁",""
"犇",""
"犒",""
"犖",""
"犢",""
"犧",""
"犹",""
"犲",""
"狃",""
"狆",""
"狄",""
"狎",""
"狒",""
"狢",""
"狠",""
"狡",""
"狹",10
"狷",""
"倏",""
"猗",""
"猊",""
"猜",""
"猖",""
"猝",""
"猴",""
"猯",""
"猩",""
"猥",""
"猾",""
"獎",""
"獏",""
"默",10
"獗",""
"獪",""
"獨",""
"獰",""
"獸",10
"獵",""
"獻",""
"獺",""
"珈",9
"玳",""
"珎",""
"玻",""
"珀",9
"珥",""
"珮",""
"珞",""
"璢",""
"琅",""
"瑯",""
"琥",9
"珸",""
"琲",""
"琺",""
"瑕",""
"琿",""
"瑟",""
"瑙",""
"瑁",""
"瑜",""
"瑩",""
"瑰",""
"瑣",""
"瑪",""
"瑶",9
"瑾",""
"璋",""
"璞",""
"璧",8
"瓊",""
"瓏",""
"瓔",""
"珱",""
"瓠",""
"瓣",""
"瓧",""
"瓩",""
"瓮",""
"瓲",""
"瓰",""
"瓱",""
"瓸",""
"瓷",""
"甄",""
"甃",""
"甅",""
"甌",""
"甎",""
"甍",""
"甕",""
"甓",""
"甞",""
"甦",""
"甬",""
"甼",""
"畄",""
"畍",""
"畊",""
"畉",""
"畛",""
"畆",""
"畚",""
"畩",""
"畤",""
"畧",""
"畫",""
"畭",""
"畸",""
"當",""
"疆",""
"疇",""
"畴",""
"疊",10
"疉",""
"疂",""
"疔",""
"疚",""
"疝",""
"疥",""
"疣",""
"痂",""
"疳",""
"痃",""
"疵",""
"疽",""
"疸",""
"疼",""
"疱",""
"痍",""
"痊",""
"痒",""
"痙",""
"痣",""
"痞",""
"痾",""
"痿",""
"痼",""
"瘁",""
"痰",""
"痺",""
"痲",""
"痳",""
"瘋",""
"瘍",8
"瘉",""
"瘟",""
"瘧",""
"瘠",""
"瘡",""
"瘢",""
"瘤",""
"瘴",""
"瘰",""
"瘻",""
"癇",""
"癈",""
"癆",""
"癜",""
"癘",""
"癡",""
"癢",""
"癨",""
"癩",""
"癪",""
"癧",""
"癬",""
"癰",""
"癲",""
"癶",""
"癸",""
"發",""
"皀",""
"皃",""
"皈",""
"皋",""
"皎",""
"皖",""
"皓",9
"皙",""
"皚",""
"皰",""
"皴",""
"皸",""
"皹",""
"皺",""
"盂",""
"盍",""
"盖",""
"盒",""
"盞",""
"盡",10
"盥",""
"盧",""
"盪",""
"蘯",""
"盻",""
"眈",""
"眇",""
"眄",""
"眩",""
"眤",""
"眞",10
"眥",""
"眦",""
"眛",""
"眷",""
"眸",9
"睇",""
"睚",""
"睨",""
"睫",""
"睛",""
"睥",""
"睿",""
"睾",""
"睹",""
"瞎",""
"瞋",""
"瞑",""
"瞠",""
"瞞",""
"瞰",""
"瞶",""
"瞹",""
"瞿",""
"瞼",""
"瞽",""
"瞻",""
"矇",""
"矍",""
"矗",""
"矚",""
"矜",""
"矣",""
"矮",""
"矼",""
"砌",""
"砒",""
"礦",""
"砠",""
"礪",""
"硅",""
"碎",10
"硴",""
"碆",""
"硼",""
"碚",""
"碌",""
"碣",""
"碵",""
"碪",""
"碯",""
"磑",""
"磆",""
"磋",""
"磔",""
"碾",""
"碼",""
"磅",""
"磊",""
"磬",""
"磧",""
"磚",""
"磽",""
"磴",""
"礇",""
"礒",""
"礑",""
"礙",""
"礬",""
"礫",""
"祀",""
"祠",""
"祗",""
"祟",""
"祚",""
"祕",10
"祓",""
"祺",""
"祿",9
"禊",""
"禝",""
"禧",""
"齋",""
"禪",10
"禮",10
"禳",""
"禹",""
"禺",""
"秉",""
"秕",""
"秧",""
"秬",""
"秡",""
"秣",""
"稈",""
"稍",""
"稘",""
"稙",""
"稠",""
"稟",9
"禀",""
"稱",""
"稻",10
"稾",""
"稷",""
"穃",""
"穗",10
"穉",""
"穡",""
"穢",""
"穩",""
"龝",""
"穰",9
"穹",9
"穽",""
"窈",""
"窗",""
"窕",""
"窘",""
"窖",""
"窩",""
"竈",""
"窰",""
"窶",""
"竅",""
"竄",""
"窿",""
"邃",""
"竇",""
"竊",""
"竍",""
"竏",""
"竕",""
"竓",""
"站",""
"竚",""
"竝",""
"竡",""
"竢",""
"竦",""
"竭",""
"竰",""
"笂",""
"笏",""
"笊",""
"笆",""
"笳",""
"笘",""
"笙",9
"笞",""
"笵",""
"笨",""
"笶",""
"筐",""
"筺",""
"笄",""
"筍",""
"笋",""
"筌",""
"筅",""
"筵",""
"筥",""
"筴",""
"筧",""
"筰",""
"筱",""
"筬",""
"筮",""
"箝",""
"箘",""
"箟",""
"箍",""
"箜",""
"箚",""
"箋",8
"箒",""
"箏",""
"筝",""
"箙",""
"篋",""
"篁",""
"篌",""
"篏",""
"箴",""
"篆",""
"篝",""
"篩",""
"簑",""
"簔",""
"篦",""
"篥",""
"籠",8
"簀",""
"簇",""
"簓",""
"篳",""
"篷",""
"簗",""
"簍",""
"篶",""
"簣",""
"簧",""
"簪",""
"簟",""
"簷",""
"簫",""
"簽",""
"籌",""
"籃",""
"籔",""
"籏",""
"籀",""
"籐",""
"籘",""
"籟",""
"籤",""
"籖",""
"籥",""
"籬",""
"籵",""
"粃",""
"粐",""
"粤",""
"粭",""
"粢",""
"粫",""
"粡",""
"粨",""
"粳",""
"粲",""
"粱",""
"粮",""
"粹",10
"粽",""
"糀",""
"糅",""
"糂",""
"糘",""
"糒",""
"糜",""
"糢",""
"鬻",""
"糯",""
"糲",""
"糴",""
"糶",""
"糺",""
"紆",""
"紂",""
"紜",""
"紕",""
"紊",""
"絅",""
"絋",""
"紮",""
"紲",""
"紿",""
"紵",""
"絆",9
"絳",""
"絖",""
"絎",""
"絲",""
"絨",""
"絮",""
"絏",""
"絣",""
"經",""
"綉",""
"絛",""
"綏",""
"絽",""
"綛",""
"綮",""
"綣",""
"綵",""
"緇",""
"綽",""
"綫",""
"總",""
"綢",""
"綯",""
"緜",""
"綸",9
"綟",""
"綰",""
"緘",""
"緝",""
"緤",""
"緞",""
"緻",8
"緲",""
"緡",""
"縅",""
"縊",""
"縣",10
"縡",""
"縒",""
"縱",10
"縟",""
"縉",""
"縋",""
"縢",""
"繆",""
"繦",""
"縻",""
"縵",""
"縹",""
"繃",""
"縷",""
"縲",""
"縺",""
"繧",""
"繝",""
"繖",""
"繞",""
"繙",""
"繚",""
"繹",""
"繪",""
"繩",""
"繼",""
"繻",""
"纃",""
"緕",""
"繽",""
"辮",""
"繿",""
"纈",""
"纉",""
"續",""
"纒",""
"纐",""
"纓",""
"纔",""
"纖",10
"纎",""
"纛",""
"纜",""
"缸",""
"缺",""
"罅",""
"罌",""
"罍",""
"罎",""
"罐",""
"网",""
"罕",""
"罔",""
"罘",""
"罟",""
"罠",""
"罨",""
"罩",""
"罧",""
"罸",""
"羂",""
"羆",""
"羃",""
"羈",""
"羇",""
"羌",""
"羔",""
"羞",8
"羝",""
"羚",9
"羣",""
"羯",""
"羲",""
"羹",""
"羮",""
"羶",""
"羸",""
"譱",""
"翅",""
"翆",""
"翊",""
"翕",""
"翡",""
"翦",""
"翩",""
"翳",""
"翹",""
"飜",10
"耆",""
"耄",""
"耋",""
"耒",""
"耘",""
"耙",""
"耜",""
"耡",""
"耨",""
"耿",""
"耻",""
"聊",""
"聆",""
"聒",""
"聘",""
"聚",""
"聟",""
"聢",""
"聨",""
"聳",""
"聲",""
"聰",""
"聶",""
"聹",""
"聽",10
"聿",""
"肄",""
"肆",""
"肅",""
"肛",""
"肓",""
"肚",""
"肭",""
"冐",""
"肬",""
"胛",""
"胥",""
"胙",""
"胝",""
"胄",""
"胚",""
"胖",""
"脉",""
"胯",""
"胱",""
"脛",""
"脩",9
"脣",""
"脯",""
"腋",""
"隋",""
"腆",""
"脾",""
"腓",""
"腑",""
"胼",""
"腱",""
"腮",""
"腥",""
"腦",""
"腴",""
"膃",""
"膈",""
"膊",""
"膀",""
"膂",""
"膠",""
"膕",""
"膤",""
"膣",""
"腟",""
"膓",""
"膩",""
"膰",""
"膵",""
"膾",""
"膸",""
"膽",""
"臀",""
"臂",""
"膺",""
"臉",""
"臍",""
"臑",""
"臙",""
"臘",""
"臈",""
"臚",""
"臟",10
"臠",""
"臧",""
"臺",""
"臻",""
"臾",""
"舁",""
"舂",""
"舅",""
"與",10
"舊",""
"舍",""
"舐",""
"舖",""
"舩",""
"舫",""
"舸",""
"舳",""
"艀",""
"艙",""
"艘",""
"艝",""
"艚",""
"艟",""
"艤",""
"艢",""
"艨",""
"艪",""
"艫",""
"舮",""
"艱",""
"艷",""
"艸",""
"艾",""
"芍",""
"芒",""
"芫",""
"芟",""
"芻",""
"芬",""
"苡",""
"苣",""
"苟",""
"苒",""
"苴",""
"苳",""
"苺",9
"莓",""
"范",""
"苻",""
"苹",""
"苞",""
"茆",""
"苜",""
"茉",9
"苙",""
"茵",""
"茴",""
"茖",""
"茲",""
"茱",""
"荀",""
"茹",""
"荐",""
"荅",""
"茯",""
"茫",""
"茗",""
"茘",""
"莅",""
"莚",""
"莪",""
"莟",""
"莢",""
"莖",""
"茣",""
"莎",""
"莇",""
"莊",10
"荼",""
"莵",""
"荳",""
"荵",""
"莠",""
"莨",""
"菴",""
"萓",""
"菫",9
"菎",""
"菽",""
"萃",""
"菘",""
"萋",""
"菁",""
"菷",""
"萇",""
"菠",""
"菲",""
"萍",""
"萢",""
"萠",9
"莽",""
"萸",""
"蔆",""
"菻",""
"葭",""
"萪",""
"萼",""
"蕚",""
"蒄",""
"葷",""
"葫",""
"蒭",""
"葮",""
"蒂",""
"葩",""
"葆",""
"萬",10
"葯",""
"葹",""
"萵",""
"蓊",""
"葢",""
"蒹",""
"蒿",""
"蒟",""
"蓙",""
"蓍",""
"蒻",""
"蓚",""
"蓐",""
"蓁",""
"蓆",""
"蓖",""
"蒡",""
"蔡",""
"蓿",""
"蓴",""
"蔗",""
"蔘",""
"蔬",""
"蔟",""
"蔕",""
"蔔",""
"蓼",""
"蕀",""
"蕣",""
"蕘",""
"蕈",""
"蕁",""
"蘂",""
"蕋",""
"蕕",""
"薀",""
"薤",""
"薈",""
"薑",""
"薊",""
"薨",""
"蕭",""
"薔",""
"薛",""
"藪",""
"薇",""
"薜",""
"蕷",""
"蕾",9
"薐",""
"藉",""
"薺",""
"藏",10
"薹",""
"藐",""
"藕",""
"藝",10
"藥",10
"藜",""
"藹",""
"蘊",""
"蘓",""
"蘋",""
"藾",""
"藺",""
"蘆",""
"蘢",""
"蘚",""
"蘰",""
"蘿",""
"虍",""
"乕",""
"虔",""
"號",""
"虧",""
"虱",""
"蚓",""
"蚣",""
"蚩",""
"蚪",""
"蚋",""
"蚌",""
"蚶",""
"蚯",""
"蛄",""
"蛆",""
"蚰",""
"蛉",""
"蠣",""
"蚫",""
"蛔",""
"蛞",""
"蛩",""
"蛬",""
"蛟",""
"蛛",""
"蛯",""
"蜒",""
"蜆",""
"蜈",""
"蜀",""
"蜃",""
"蛻",""
"蜑",""
"蜉",""
"蜍",""
"蛹",""
"蜊",""
"蜴",""
"蜿",""
"蜷",""
"蜻",""
"蜥",""
"蜩",""
"蜚",""
"蝠",""
"蝟",""
"蝸",""
"蝌",""
"蝎",""
"蝴",""
"蝗",""
"蝨",""
"蝮",""
"蝙",""
"蝓",""
"蝣",""
"蝪",""
"蠅",""
"螢",""
"螟",""
"螂",""
"螯",""
"蟋",""
"螽",""
"蟀",""
"蟐",""
"雖",""
"螫",""
"蟄",""
"螳",""
"蟇",""
"蟆",""
"螻",""
"蟯",""
"蟲",""
"蟠",""
"蠏",""
"蠍",""
"蟾",""
"蟶",""
"蟷",""
"蠎",""
"蟒",""
"蠑",""
"蠖",""
"蠕",""
"蠢",""
"蠡",""
"蠱",""
"蠶",""
"蠹",""
"蠧",""
"蠻",""
"衄",""
"衂",""
"衒",""
"衙",""
"衞",10
"衢",""
"衫",""
"袁",""
"衾",""
"袞",""
"衵",""
"衽",""
"袵",""
"衲",""
"袂",""
"袗",""
"袒",""
"袮",""
"袙",""
"袢",""
"袍",""
"袤",""
"袰",""
"袿",""
"袱",""
"裃",""
"裄",""
"裔",""
"裘",""
"裙",""
"裝",10
"裹",""
"褂",""
"裼",""
"裴",""
"裨",""
"裲",""
"褄",""
"褌",""
"褊",""
"褓",""
"襃",""
"褞",""
"褥",""
"褪",""
"褫",""
"襁",""
"襄",""
"褻",""
"褶",""
"褸",""
"襌",""
"褝",""
"襠",""
"襞",""
"襦",""
"襤",""
"襭",""
"襪",""
"襯",""
"襴",""
"襷",""
"襾",""
"覃",""
"覈",""
"覊",""
"覓",""
"覘",""
"覡",""
"覩",""
"覦",""
"覬",""
"覯",""
"覲",""
"覺",""
"覽",10
"覿",""
"觀",""
"觚",""
"觜",""
"觝",""
"觧",""
"觴",""
"觸",""
"訃",8
"訖",""
"訐",""
"訌",""
"訛",""
"訝",""
"訥",""
"訶",""
"詁",""
"詛",""
"詒",""
"詆",""
"詈",""
"詼",""
"詭",""
"詬",""
"詢",9
"誅",""
"誂",""
"誄",""
"誨",""
"誡",""
"誑",""
"誥",""
"誦",""
"誚",""
"誣",""
"諄",9
"諍",""
"諂",""
"諚",""
"諫",""
"諳",""
"諧",8
"諤",""
"諱",""
"謔",""
"諠",""
"諢",""
"諷",""
"諞",""
"諛",""
"謌",""
"謇",""
"謚",""
"諡",""
"謖",""
"謐",""
"謗",""
"謠",10
"謳",""
"鞫",""
"謦",""
"謫",""
"謾",""
"謨",""
"譁",""
"譌",""
"譏",""
"譎",""
"證",""
"譖",""
"譛",""
"譚",""
"譫",""
"譟",""
"譬",""
"譯",""
"譴",""
"譽",""
"讀",""
"讌",""
"讎",""
"讒",""
"讓",10
"讖",""
"讙",""
"讚",""
"谺",""
"豁",""
"谿",""
"豈",""
"豌",""
"豎",""
"豐",""
"豕",""
"豢",""
"豬",""
"豸",""
"豺",""
"貂",""
"貉",""
"貅",""
"貊",""
"貍",""
"貎",""
"貔",""
"豼",""
"貘",""
"戝",""
"貭",""
"貪",8
"貽",""
"貲",""
"貳",""
"貮",""
"貶",""
"賈",""
"賁",""
"賤",""
"賣",10
"賚",""
"賽",""
"賺",""
"賻",""
"贄",""
"贊",""
"贇",""
"贏",""
"贍",""
"贐",""
"齎",""
"贓",""
"賍",""
"贔",""
"贖",""
"赧",""
"赭",""
"赱",""
"赳",9
"趁",""
"趙",""
"跂",""
"趾",""
"趺",""
"跏",""
"跚",""
"跖",""
"跌",""
"跛",""
"跋",""
"跪",""
"跫",""
"跟",""
"跣",""
"跼",""
"踈",""
"踉",""
"跿",""
"踝",""
"踞",""
"踐",""
"踟",""
"蹂",""
"踵",""
"踰",""
"踴",""
"蹊",""
"蹇",""
"蹉",""
"蹌",""
"蹐",""
"蹈",""
"蹙",""
"蹤",""
"蹠",""
"踪",8
"蹣",""
"蹕",""
"蹶",""
"蹲",""
"蹼",""
"躁",""
"躇",""
"躅",""
"躄",""
"躋",""
"躊",""
"躓",""
"躑",""
"躔",""
"躙",""
"躪",""
"躡",""
"躬",""
"躰",""
"軆",""
"躱",""
"躾",""
"軅",""
"軈",""
"軋",""
"軛",""
"軣",""
"軼",""
"軻",""
"軫",""
"軾",""
"輊",""
"輅",""
"輕",""
"輒",""
"輙",""
"輓",""
"輜",""
"輟",""
"輛",""
"輌",""
"輦",""
"輳",""
"輻",""
"輹",""
"轅",""
"轂",""
"輾",""
"轌",""
"轉",10
"轆",""
"轎",""
"轗",""
"轜",""
"轢",""
"轣",""
"轤",""
"辜",""
"辟",""
"辣",8
"辭",""
"辯",""
"辷",""
"迚",""
"迥",""
"迢",""
"迪",9
"迯",""
"邇",""
"迴",""
"逅",""
"迹",""
"迺",""
"逑",""
"逕",""
"逡",""
"逍",""
"逞",9
"逖",""
"逋",""
"逧",""
"逶",""
"逵",""
"逹",""
"迸",""
"遏",""
"遐",""
"遑",""
"遒",""
"逎",""
"遉",""
"逾",""
"遖",""
"遘",""
"遞",""
"遨",""
"遯",""
"遶",""
"隨",""
"遲",""
"邂",""
"遽",""
"邁",""
"邀",""
"邊",""
"邉",""
"邏",""
"邨",""
"邯",""
"邱",""
"邵",""
"郢",""
"郤",""
"扈",""
"郛",""
"鄂",""
"鄒",""
"鄙",""
"鄲",""
"鄰",""
"酊",""
"酖",""
"酘",""
"酣",""
"酥",""
"酩",""
"酳",""
"酲",""
"醋",""
"醉",10
"醂",""
"醢",""
"醫",""
"醯",""
"醪",""
"醵",""
"醴",""
"醺",""
"釀",10
"釁",""
"釉",9
"釋",""
"釐",""
"釖",""
"釟",""
"釡",""
"釛",""
"釼",""
"釵",""
"釶",""
"鈞",""
"釿",""
"鈔",""
"鈬",""
"鈕",""
"鈑",""
"鉞",""
"鉗",""
"鉅",""
"鉉",""
"鉤",""
"鉈",""
"銕",""
"鈿",""
"鉋",""
"鉐",""
"銜",""
"銖",""
"銓",""
"銛",""
"鉚",""
"鋏",""
"銹",""
"銷",""
"鋩",""
"錏",""
"鋺",""
"鍄",""
"錮",8
"錙",""
"錢",""
"錚",""
"錣",""
"錺",""
"錵",""
"錻",""
"鍜",""
"鍠",""
"鍼",""
"鍮",""
"鍖",""
"鎰",""
"鎬",""
"鎭",10
"鎔",""
"鎹",""
"鏖",""
"鏗",""
"鏨",""
"鏥",""
"鏘",""
"鏃",""
"鏝",""
"鏐",""
"鏈",""
"鏤",""
"鐚",""
"鐔",""
"鐓",""
"鐃",""
"鐇",""
"鐐",""
"鐶",""
"鐫",""
"鐵",""
"鐡",""
"鐺",""
"鑁",""
"鑒",""
"鑄",10
"鑛",""
"鑠",""
"鑢",""
"鑞",""
"鑪",""
"鈩",""
"鑰",""
"鑵",""
"鑷",""
"鑽",""
"鑚",""
"鑼",""
"鑾",""
"钁",""
"鑿",""
"閂",""
"閇",""
"閊",""
"閔",""
"閖",""
"閘",""
"閙",""
"閠",""
"閨",""
"閧",""
"閭",""
"閼",""
"閻",""
"閹",""
"閾",""
"闊",""
"濶",""
"闃",""
"闍",""
"闌",""
"闕",""
"闔",""
"闖",""
"關",""
"闡",""
"闥",""
"闢",""
"阡",""
"阨",""
"阮",""
"阯",""
"陂",""
"陌",""
"陏",""
"陋",""
"陷",10
"陜",""
"陞",""
"陝",""
"陟",""
"陦",""
"陲",""
"陬",""
"隍",""
"隘",""
"隕",""
"隗",""
"險",10
"隧",""
"隱",""
"隲",""
"隰",""
"隴",""
"隶",""
"隸",""
"隹",""
"雎",""
"雋",""
"雉",""
"雍",""
"襍",""
"雜",10
"霍",""
"雕",""
"雹",""
"霄",""
"霆",""
"霈",""
"霓",""
"霎",""
"霑",""
"霏",""
"霖",""
"霙",""
"霤",""
"霪",""
"霰",""
"霹",""
"霽",""
"霾",""
"靄",""
"靆",""
"靈",""
"靂",""
"靉",""
"靜",10
"靠",""
"靤",""
"靦",""
"靨",""
"勒",""
"靫",""
"靱",""
"靹",""
"鞅",""
"靼",""
"鞁",""
"靺",""
"鞆",""
"鞋",""
"鞏",""
"鞐",""
"鞜",""
"鞨",""
"鞦",""
"鞣",""
"鞳",""
"鞴",""
"韃",""
"韆",""
"韈",""
"韋",""
"韜",""
"韭",""
"齏",""
"韲",""
"竟",""
"韶",""
"韵",""
"頏",""
"頌",9
"頸",""
"頤",""
"頡",""
"頷",""
"頽",""
"顆",""
"顏",""
"顋",""
"顫",""
"顯",10
"顰",""
"顱",""
"顴",""
"顳",""
"颪",""
"颱",""
"颶",""
"飄",""
"飃",""
"飆",""
"飩",""
"飫",""
"餃",""
"餉",""
"餒",""
"餔",""
"餘",""
"餡",""
"餝",""
"餞",""
"餤",""
"餠",""
"餬",""
"餮",""
"餽",""
"餾",""
"饂",""
"饉",""
"饅",""
"饐",""
"饋",""
"饑",""
"饒",""
"饌",""
"饕",""
"馗",""
"馘",""
"馥",""
"馭",""
"馮",""
"馼",""
"駟",""
"駛",""
"駝",""
"駘",""
"駑",""
"駭",""
"駮",""
"駱",""
"駲",""
"駻",""
"駸",""
"騁",""
"騏",""
"騅",""
"駢",""
"騙",""
"騫",""
"騷",10
"驅",""
"驂",""
"驀",""
"驃",""
"騾",""
"驕",""
"驍",9
"驛",""
"驗",10
"驟",""
"驢",""
"驥",""
"驤",""
"驩",""
"驫",""
"驪",""
"骭",""
"骰",""
"骼",""
"髀",""
"髏",""
"髑",""
"髓",""
"體",""
"髞",""
"髟",""
"髢",""
"髣",""
"髦",""
"髯",""
"髫",""
"髮",10
"髴",""
"髱",""
"髷",""
"髻",""
"鬆",""
"鬘",""
"鬚",""
"鬟",""
"鬢",""
"鬣",""
"鬥",""
"鬧",""
"鬨",""
"鬩",""
"鬪",""
"鬮",""
"鬯",""
"鬲",""
"魄",""
"魃",""
"魏",""
"魍",""
"魎",""
"魑",""
"魘",""
"魴",""
"鮓",""
"鮃",""
"鮑",""
"鮖",""
"鮗",""
"鮟",""
"鮠",""
"鮨",""
"鮴",""
"鯀",""
"鯊",""
"鮹",""
"鯆",""
"鯏",""
"鯑",""
"鯒",""
"鯣",""
"鯢",""
"鯤",""
"鯔",""
"鯡",""
"鰺",""
"鯲",""
"鯱",""
"鯰",""
"鰕",""
"鰔",""
"鰉",""
"鰓",""
"鰌",""
"鰆",""
"鰈",""
"鰒",""
"鰊",""
"鰄",""
"鰮",""
"鰛",""
"鰥",""
"鰤",""
"鰡",""
"鰰",""
"鱇",""
"鰲",""
"鱆",""
"鰾",""
"鱚",""
"鱠",""
"鱧",""
"鱶",""
"鱸",""
"鳧",""
"鳬",""
"鳰",""
"鴉",""
"鴈",""
"鳫",""
"鴃",""
"鴆",""
"鴪",""
"鴦",""
"鶯",""
"鴣",""
"鴟",""
"鵄",""
"鴕",""
"鴒",""
"鵁",""
"鴿",""
"鴾",""
"鵆",""
"鵈",""
"鵝",""
"鵞",""
"鵤",""
"鵑",""
"鵐",""
"鵙",""
"鵲",""
"鶉",""
"鶇",""
"鶫",""
"鵯",""
"鵺",""
"鶚",""
"鶤",""
"鶩",""
"鶲",""
"鷄",10
"鷁",""
"鶻",""
"鶸",""
"鶺",""
"鷆",""
"鷏",""
"鷂",""
"鷙",""
"鷓",""
"鷸",""
"鷦",""
"鷭",""
"鷯",""
"鷽",""
"鸚",""
"鸛",""
"鸞",""
"鹵",""
"鹹",""
"鹽",""
"麁",""
"麈",""
"麋",""
"麌",""
"麒",9
"麕",""
"麑",""
"麝",""
"麥",""
"麩",""
"麸",""
"麪",""
"麭",""
"靡",""
"黌",""
"黎",9
"黏",""
"黐",""
"黔",""
"黜",""
"點",""
"黝",""
"黠",""
"黥",""
"黨",""
"黯",""
"黴",""
"黶",""
"黷",""
"黹",""
"黻",""
"黼",""
"黽",""
"鼇",""
"鼈",""
"皷",""
"鼕",""
"鼡",""
"鼬",""
"鼾",""
"齊",10
"齒",""
"齔",""
"齣",""
"齟",""
"齠",""
"齡",""
"齦",""
"齧",""
"齬",""
"齪",""
"齷",""
"齲",""
"齶",""
"龕",""
"龜",""
"龠",""
"堯",9
"槇",9
"遙",9
"瑤",""
"凜",9
"熙",9
"丂",""
"丄",""
"丅",""
"丌",""
"丒",""
"丟",""
"丣",""
"两",""
"丨",""
"丫",""
"丮",""
"丯",""
"丰",""
"丵",""
"乀",""
"乁",""
"乄",""
"乇",""
"乑",""
"乚",""
"乜",""
"乣",""
"乨",""
"乩",""
"乴",""
"乵",""
"乹",""
"乿",""
"亍",""
"亖",""
"亗",""
"亝",""
"亯",""
"亹",""
"仃",""
"仐",""
"仚",""
"仛",""
"仠",""
"仡",""
"仢",""
"仨",""
"仯",""
"仱",""
"仳",""
"仵",""
"份",""
"仾",""
"仿",""
"伀",""
"伂",""
"伃",""
"伈",""
"伋",""
"伌",""
"伒",""
"伕",""
"伖",""
"众",""
"伙",""
"伮",""
"伱",""
"你",""
"伳",""
"伵",""
"伷",""
"伹",""
"伻",""
"伾",""
"佀",""
"佂",""
"佈",""
"佉",""
"佋",""
"佌",""
"佒",""
"佔",""
"佖",""
"佘",""
"佟",""
"佣",""
"佪",""
"佬",""
"佮",""
"佱",""
"佷",""
"佸",""
"佹",""
"佺",""
"佽",""
"佾",""
"侁",""
"侂",""
"侄",""
"侅",""
"侉",""
"侊",""
"侌",""
"侎",""
"侐",""
"侒",""
"侓",""
"侔",""
"侗",""
"侙",""
"侚",""
"侞",""
"侟",""
"侲",""
"侷",""
"侹",""
"侻",""
"侼",""
"侽",""
"侾",""
"俀",""
"俁",""
"俅",""
"俆",""
"俈",""
"俉",""
"俋",""
"俌",""
"俍",""
"俏",""
"俒",""
"俜",""
"俠",9
"俢",""
"俰",""
"俲",""
"俼",""
"俽",""
"俿",""
"倀",""
"倁",""
"倄",""
"倇",""
"倊",""
"倌",""
"倎",""
"倐",""
"倓",""
"倗",""
"倘",""
"倛",""
"倜",""
"倝",""
"倞",""
"倢",""
"倧",""
"倮",""
"倰",""
"倲",""
"倳",""
"倵",""
"偀",""
"偁",""
"偂",""
"偅",""
"偆",""
"偊",""
"偌",""
"偎",""
"偑",""
"偒",""
"偓",""
"偗",""
"偙",""
"偟",""
"偠",""
"偢",""
"偣",""
"偦",""
"偧",""
"偪",""
"偭",""
"偰",""
"偱",""
"倻",""
"傁",""
"傃",""
"傄",""
"傆",""
"傊",""
"傎",""
"傏",""
"傐",""
"傒",""
"傓",""
"傔",""
"傖",""
"傛",""
"傜",""
"傞",""
"傟",""
"傠",""
"傡",""
"傢",""
"傪",""
"傯",""
"傰",""
"傹",""
"傺",""
"傽",""
"僀",""
"僃",""
"僄",""
"僇",""
"僌",""
"僎",""
"僐",""
"僓",""
"僔",""
"僘",""
"僜",""
"僝",""
"僟",""
"僢",""
"僤",""
"僦",""
"僨",""
"僩",""
"僯",""
"僱",""
"僶",""
"僺",""
"僾",""
"儃",""
"儆",""
"儇",""
"儈",""
"儋",""
"儌",""
"儍",""
"儎",""
"僲",""
"儐",""
"儗",""
"儙",""
"儛",""
"儜",""
"儝",""
"儞",""
"儣",""
"儧",""
"儨",""
"儬",""
"儭",""
"儯",""
"儱",""
"儳",""
"儴",""
"儵",""
"儸",""
"儹",""
"兂",""
"兊",""
"兏",""
"兓",""
"兕",""
"兗",""
"兘",""
"兟",""
"兤",""
"兦",""
"兾",""
"冃",""
"冄",""
"冋",""
"冎",""
"冘",""
"冝",""
"冡",""
"冣",""
"冭",""
"冸",""
"冺",""
"冼",""
"冾",""
"冿",""
"凂",""
"凈",""
"减",""
"凑",""
"凒",""
"凓",""
"凕",""
"凘",""
"凞",""
"凢",""
"凥",""
"凮",""
"凲",""
"凳",""
"凴",""
"凷",""
"刁",""
"刂",""
"刅",""
"划",""
"刓",""
"刕",""
"刖",""
"刘",""
"刢",""
"刨",""
"刱",""
"刲",""
"刵",""
"刼",""
"剅",""
"剉",""
"剕",""
"剗",""
"剘",""
"剚",""
"剜",""
"剟",""
"剠",""
"剡",""
"剦",""
"剮",""
"剷",""
"剸",""
"剹",""
"劀",""
"劂",""
"劅",""
"劊",""
"劌",""
"劓",""
"劕",""
"劖",""
"劗",""
"劘",""
"劚",""
"劜",""
"劤",""
"劥",""
"劦",""
"劧",""
"劯",""
"劰",""
"劶",""
"劷",""
"劸",""
"劺",""
"劻",""
"劽",""
"勀",""
"勄",""
"勆",""
"勈",""
"勌",""
"勏",""
"勑",""
"勔",""
"勖",""
"勛",""
"勜",""
"勡",""
"勥",""
"勨",""
"勩",""
"勪",""
"勬",""
"勰",""
"勱",""
"勴",""
"勶",""
"勷",""
"匀",""
"匃",""
"匊",""
"匋",""
"匌",""
"匑",""
"匓",""
"匘",""
"匛",""
"匜",""
"匞",""
"匟",""
"匥",""
"匧",""
"匨",""
"匩",""
"匫",""
"匬",""
"匭",""
"匰",""
"匲",""
"匵",""
"匼",""
"匽",""
"匾",""
"卂",""
"卌",""
"卋",""
"卙",""
"卛",""
"卡",""
"卣",""
"卥",""
"卬",""
"卭",""
"卲",""
"卹",""
"卾",""
"厃",""
"厇",""
"厈",""
"厎",""
"厓",""
"厔",""
"厙",""
"厝",""
"厡",""
"厤",""
"厪",""
"厫",""
"厯",""
"厲",""
"厴",""
"厵",""
"厷",""
"厸",""
"厺",""
"厽",""
"叀",""
"叅",""
"叏",""
"叒",""
"叓",""
"叕",""
"叚",""
"叝",""
"叞",""
"叠",""
"另",""
"叧",""
"叵",""
"吂",""
"吓",""
"吚",""
"吡",""
"吧",""
"吨",""
"吪",""
"启",""
"吱",""
"吴",""
"吵",""
"呃",""
"呄",""
"呇",""
"呍",""
"呏",""
"呞",""
"呢",""
"呤",""
"呦",""
"呧",""
"呩",""
"呫",""
"呭",""
"呮",""
"呴",""
"呿",""
"咁",""
"咃",""
"咅",""
"咈",""
"咉",""
"咍",""
"咑",""
"咕",""
"咖",""
"咜",""
"咟",""
"咡",""
"咦",""
"咧",""
"咩",""
"咪",""
"咭",""
"咮",""
"咱",""
"咷",""
"咹",""
"咺",""
"咻",""
"咿",""
"哆",""
"哊",""
"响",""
"哎",""
"哠",""
"哪",""
"哬",""
"哯",""
"哶",""
"哼",""
"哾",""
"哿",""
"唀",""
"唁",""
"唅",""
"唈",""
"唉",""
"唌",""
"唍",""
"唎",""
"唕",""
"唪",""
"唫",""
"唲",""
"唵",""
"唶",""
"唻",""
"唼",""
"唽",""
"啁",""
"啇",""
"啉",""
"啊",""
"啍",""
"啐",""
"啑",""
"啘",""
"啚",""
"啛",""
"啞",""
"啠",""
"啡",""
"啤",""
"啦",""
"啿",""
"喁",""
"喂",""
"喆",""
"喈",""
"喎",""
"喏",""
"喑",""
"喒",""
"喓",""
"喔",""
"喗",""
"喣",""
"喤",""
"喭",""
"喲",""
"喿",""
"嗁",""
"嗃",""
"嗆",""
"嗉",""
"嗋",""
"嗌",""
"嗎",""
"嗑",""
"嗒",""
"嗓",""
"嗗",""
"嗘",""
"嗛",""
"嗞",""
"嗢",""
"嗩",""
"嗶",""
"嗿",""
"嘅",""
"嘈",""
"嘊",""
"嘍",""
"嘎",""
"嘏",""
"嘐",""
"嘑",""
"嘒",""
"嘙",""
"嘬",""
"嘰",""
"嘳",""
"嘵",""
"嘷",""
"嘹",""
"嘻",""
"嘼",""
"嘽",""
"嘿",""
"噀",""
"噁",""
"噃",""
"噄",""
"噆",""
"噉",""
"噋",""
"噍",""
"噏",""
"噔",""
"噞",""
"噠",""
"噡",""
"噢",""
"噣",""
"噦",""
"噩",""
"噭",""
"噯",""
"噱",""
"噲",""
"噵",""
"嚄",""
"嚅",""
"嚈",""
"嚋",""
"嚌",""
"嚕",""
"嚙",""
"嚚",""
"嚝",""
"嚞",""
"嚟",""
"嚦",""
"嚧",""
"嚨",""
"嚩",""
"嚫",""
"嚬",""
"嚭",""
"嚱",""
"嚳",""
"嚷",""
"嚾",""
"囅",""
"囉",""
"囊",""
"囋",""
"囏",""
"囐",""
"囌",""
"囍",""
"囙",""
"囜",""
"囝",""
"囟",""
"囡",""
"囤",""
"囥",""
"囦",""
"囧",""
"囨",""
"囱",""
"囫",""
"园",""
"囶",""
"囷",""
"圁",""
"圂",""
"圇",""
"圊",""
"圌",""
"圑",""
"圕",""
"圚",""
"圛",""
"圝",""
"圠",""
"圢",""
"圣",""
"圤",""
"圥",""
"圩",""
"圪",""
"圬",""
"圮",""
"圯",""
"圳",""
"圴",""
"圽",""
"圾",""
"圿",""
"坅",""
"坆",""
"坌",""
"坍",""
"坒",""
"坢",""
"坥",""
"坧",""
"坨",""
"坫",""
"坭",""
"坮",""
"坯",""
"坰",""
"坱",""
"坳",""
"坴",""
"坵",""
"坷",""
"坹",""
"坺",""
"坻",""
"坼",""
"坾",""
"垁",""
"垃",""
"垌",""
"垔",""
"垗",""
"垙",""
"垚",""
"垜",""
"垝",""
"垞",""
"垟",""
"垡",""
"垕",""
"垧",""
"垨",""
"垩",""
"垬",""
"垸",""
"垽",""
"埇",""
"埈",""
"埌",""
"埏",""
"埕",""
"埝",""
"埞",""
"埤",""
"埦",""
"埧",""
"埩",""
"埭",""
"埰",""
"埵",""
"埶",""
"埸",""
"埽",""
"埾",""
"埿",""
"堃",""
"堄",""
"堈",""
"堉",""
"埡",""
"堌",""
"堍",""
"堛",""
"堞",""
"堟",""
"堠",""
"堦",""
"堧",""
"堭",""
"堲",""
"堹",""
"堿",""
"塉",""
"塌",""
"塍",""
"塏",""
"塐",""
"塕",""
"塟",""
"塡",8
"塤",""
"塧",""
"塨",""
"塸",""
"塼",""
"塿",""
"墀",""
"墁",""
"墇",""
"墈",""
"墉",""
"墊",""
"墌",""
"墍",""
"墏",""
"墐",""
"墔",""
"墖",""
"墝",""
"墠",""
"墡",""
"墢",""
"墦",""
"墩",""
"墱",""
"墲",""
"壄",""
"墼",""
"壂",""
"壈",""
"壍",""
"壎",""
"壐",""
"壒",""
"壔",""
"壖",""
"壚",""
"壝",""
"壡",""
"壢",""
"壩",""
"壳",""
"夅",""
"夆",""
"夋",""
"夌",""
"夒",""
"夓",""
"夔",""
"虁",""
"夝",""
"夡",""
"夣",""
"夤",""
"夨",""
"夯",""
"夰",""
"夳",""
"夵",""
"夶",""
"夿",""
"奃",""
"奆",""
"奒",""
"奓",""
"奙",""
"奛",""
"奝",""
"奞",""
"奟",""
"奡",""
"奣",""
"奫",""
"奭",""
"奯",""
"奲",""
"奵",""
"奶",""
"她",""
"奻",""
"奼",""
"妋",""
"妌",""
"妎",""
"妒",""
"妕",""
"妗",""
"妟",""
"妤",""
"妧",""
"妭",""
"妮",""
"妯",""
"妰",""
"妳",""
"妷",""
"妺",""
"妼",""
"姁",""
"姃",""
"姄",""
"姈",""
"姊",""
"姍",""
"姒",""
"姝",""
"姞",""
"姟",""
"姣",""
"姤",""
"姧",""
"姮",""
"姯",""
"姱",""
"姲",""
"姴",""
"姷",""
"娀",""
"娄",""
"娌",""
"娍",""
"娎",""
"娒",""
"娓",""
"娞",""
"娣",""
"娤",""
"娧",""
"娨",""
"娪",""
"娭",""
"娰",""
"婄",""
"婅",""
"婇",""
"婈",""
"婌",""
"婐",""
"婕",""
"婞",""
"婣",""
"婥",""
"婧",""
"婭",""
"婷",""
"婺",""
"婻",""
"婾",""
"媋",""
"媐",""
"媓",""
"媖",""
"媙",""
"媜",""
"媞",""
"媟",""
"媠",""
"媢",""
"媧",""
"媬",""
"媱",""
"媲",""
"媳",""
"媵",""
"媸",""
"媺",""
"媻",""
"媿",""
"嫄",""
"嫆",""
"嫈",""
"嫏",""
"嫚",""
"嫜",""
"嫠",""
"嫥",""
"嫪",""
"嫮",""
"嫵",""
"嫶",""
"嫽",""
"嬀",""
"嬁",""
"嬈",""
"嬗",""
"嬴",""
"嬙",""
"嬛",""
"嬝",""
"嬡",""
"嬥",""
"嬭",""
"嬸",""
"孁",""
"孋",""
"孌",""
"孒",""
"孖",""
"孞",""
"孨",""
"孮",""
"孯",""
"孼",""
"孽",""
"孾",""
"孿",""
"宁",""
"宄",""
"宆",""
"宊",""
"宎",""
"宐",""
"宑",""
"宓",""
"宔",""
"宖",""
"宨",""
"宩",""
"宬",""
"宭",""
"宯",""
"宱",""
"宲",""
"宷",""
"宺",""
"宼",""
"寀",""
"寁",""
"寍",""
"寏",""
"寖",""
"寗",""
"寘",""
"寙",""
"寚",""
"寠",""
"寯",""
"寱",""
"寴",""
"寽",""
"尌",""
"尗",""
"尞",""
"尟",""
"尣",""
"尦",""
"尩",""
"尫",""
"尬",""
"尮",""
"尰",""
"尲",""
"尵",""
"尶",""
"屙",""
"屚",""
"屜",""
"屢",""
"屣",""
"屧",""
"屨",""
"屩",""
"屭",""
"屰",""
"屴",""
"屵",""
"屺",""
"屻",""
"屼",""
"屽",""
"岇",""
"岈",""
"岊",""
"岏",""
"岒",""
"岝",""
"岟",""
"岠",""
"岢",""
"岣",""
"岦",""
"岪",""
"岲",""
"岴",""
"岵",""
"岺",""
"峉",""
"峋",""
"峒",""
"峝",""
"峗",""
"峮",""
"峱",""
"峲",""
"峴",""
"崁",""
"崆",""
"崍",""
"崒",""
"崫",""
"崣",""
"崤",""
"崦",""
"崧",""
"崱",""
"崴",""
"崹",""
"崽",""
"崿",""
"嵂",""
"嵃",""
"嵆",""
"嵈",""
"嵕",""
"嵑",""
"嵙",""
"嵊",""
"嵟",""
"嵠",""
"嵡",""
"嵢",""
"嵤",""
"嵪",""
"嵭",""
"嵰",""
"嵹",""
"嵺",""
"嵾",""
"嵿",""
"嶁",""
"嶃",""
"嶈",""
"嶊",""
"嶒",""
"嶓",""
"嶔",""
"嶕",""
"嶙",""
"嶛",""
"嶟",""
"嶠",""
"嶧",""
"嶫",""
"嶰",""
"嶴",""
"嶸",""
"嶹",""
"巃",""
"巇",""
"巋",""
"巐",""
"巎",""
"巘",""
"巙",""
"巠",""
"巤",""
"巩",""
"巸",""
"巹",""
"帀",""
"帇",""
"帍",""
"帒",""
"帔",""
"帕",""
"帘",""
"帟",""
"帠",""
"帮",""
"帨",""
"帲",""
"帵",""
"帾",""
"幋",""
"幐",""
"幉",""
"幑",""
"幖",""
"幘",""
"幛",""
"幜",""
"幞",""
"幨",""
"幪",""
"幫",""
"幬",""
"幭",""
"幮",""
"幰",""
"庀",""
"庋",""
"庎",""
"庢",""
"庤",""
"庥",""
"庨",""
"庪",""
"庬",""
"庱",""
"庳",""
"庽",""
"庾",""
"庿",""
"廆",""
"廌",""
"廋",""
"廎",""
"廑",""
"廒",""
"廔",""
"廕",""
"廜",""
"廞",""
"廥",""
"廫",""
"异",""
"弆",""
"弇",""
"弈",""
"弎",""
"弙",""
"弜",""
"弝",""
"弡",""
"弢",""
"弣",""
"弤",""
"弨",""
"弫",""
"弬",""
"弮",""
"弰",""
"弴",""
"弶",""
"弻",""
"弽",""
"弿",""
"彀",""
"彄",""
"彅",""
"彇",""
"彍",""
"彐",""
"彔",""
"彘",""
"彛",""
"彠",""
"彣",""
"彤",""
"彧",""
"彯",""
"彲",""
"彴",""
"彵",""
"彸",""
"彺",""
"彽",""
"彾",""
"徉",""
"徍",""
"徏",""
"徖",""
"徜",""
"徝",""
"徢",""
"徧",""
"徫",""
"徤",""
"徬",""
"徯",""
"徰",""
"徱",""
"徸",""
"忄",""
"忇",""
"忈",""
"忉",""
"忋",""
"忐",""
"忑",""
"忒",""
"忓",""
"忔",""
"忞",""
"忡",""
"忢",""
"忨",""
"忩",""
"忪",""
"忬",""
"忭",""
"忮",""
"忯",""
"忲",""
"忳",""
"忶",""
"忺",""
"忼",""
"怇",""
"怊",""
"怍",""
"怓",""
"怔",""
"怗",""
"怘",""
"怚",""
"怟",""
"怤",""
"怭",""
"怳",""
"怵",""
"恀",""
"恇",""
"恈",""
"恉",""
"恌",""
"恑",""
"恔",""
"恖",""
"恗",""
"恝",""
"恡",""
"恧",""
"恱",""
"恾",""
"恿",""
"悂",""
"悆",""
"悈",""
"悊",""
"悎",""
"悑",""
"悓",""
"悕",""
"悘",""
"悝",""
"悞",""
"悢",""
"悤",""
"悥",""
"您",""
"悰",""
"悱",""
"悷",""
"悻",""
"悾",""
"惂",""
"惄",""
"惈",""
"惉",""
"惊",""
"惋",""
"惎",""
"惏",""
"惔",""
"惕",""
"惙",""
"惛",""
"惝",""
"惞",""
"惢",""
"惥",""
"惲",""
"惵",""
"惸",""
"惼",""
"惽",""
"愂",""
"愇",""
"愊",""
"愌",""
"愐",""
"愑",""
"愒",""
"愓",""
"愔",""
"愖",""
"愗",""
"愙",""
"愜",""
"愞",""
"愢",""
"愪",""
"愫",""
"愰",""
"愱",""
"愵",""
"愶",""
"愷",""
"愹",""
"慁",""
"慅",""
"慆",""
"慉",""
"慞",""
"慠",""
"慬",""
"慲",""
"慸",""
"慻",""
"慼",""
"慿",""
"憀",""
"憁",""
"憃",""
"憄",""
"憋",""
"憍",""
"憒",""
"憓",""
"憗",""
"憘",""
"憜",""
"憝",""
"憟",""
"憠",""
"憥",""
"憨",""
"憪",""
"憭",""
"憸",""
"憹",""
"憼",""
"懀",""
"懁",""
"懂",""
"懎",""
"懏",""
"懕",""
"懜",""
"懝",""
"懞",""
"懟",""
"懡",""
"懢",""
"懧",""
"懩",""
"懥",""
"懬",""
"懭",""
"懯",""
"戁",""
"戃",""
"戄",""
"戇",""
"戓",""
"戕",""
"戜",""
"戠",""
"戢",""
"戣",""
"戧",""
"戩",""
"戫",""
"戹",""
"戽",""
"扂",""
"扃",""
"扄",""
"扆",""
"扌",""
"扐",""
"扑",""
"扒",""
"扔",""
"扖",""
"扚",""
"扜",""
"扤",""
"扭",""
"扯",""
"扳",""
"扺",""
"扽",""
"抍",""
"抎",""
"抏",""
"抐",""
"抦",""
"抨",""
"抳",""
"抶",""
"抷",""
"抺",""
"抾",""
"抿",""
"拄",""
"拎",""
"拕",""
"拖",""
"拚",""
"拪",""
"拲",""
"拴",""
"拼",""
"拽",""
"挃",""
"挄",""
"挊",""
"挋",""
"挍",""
"挐",""
"挓",""
"挖",""
"挘",""
"挩",""
"挪",""
"挭",""
"挵",""
"挶",""
"挹",""
"挼",""
"捁",""
"捂",""
"捃",""
"捄",""
"捆",""
"捊",""
"捋",""
"捎",""
"捒",""
"捓",""
"捔",""
"捘",""
"捛",""
"捥",""
"捦",""
"捬",""
"捭",""
"捱",""
"捴",""
"捵",""
"捸",""
"捼",""
"捽",""
"捿",""
"掂",""
"掄",""
"掇",""
"掊",""
"掐",""
"掔",""
"掕",""
"掙",""
"掚",""
"掞",""
"掤",""
"掦",""
"掭",""
"掮",""
"掯",""
"掽",""
"揁",""
"揅",""
"揈",""
"揎",""
"揑",""
"揓",""
"揔",""
"揕",""
"揜",""
"揠",""
"揥",""
"揪",""
"揬",""
"揲",""
"揳",""
"揵",""
"揸",""
"揹",""
"搉",""
"搊",""
"搐",""
"搒",""
"搔",""
"搘",""
"搞",""
"搠",""
"搢",""
"搤",""
"搥",""
"搩",""
"搪",""
"搯",""
"搰",""
"搵",""
"搽",""
"搿",""
"摋",""
"摏",""
"摑",9
"摒",""
"摓",""
"摔",""
"摚",""
"摛",""
"摜",""
"摝",""
"摟",""
"摠",""
"摡",""
"摣",""
"摭",""
"摳",""
"摴",""
"摻",""
"摽",""
"撅",""
"撇",""
"撏",""
"撐",""
"撑",""
"撘",""
"撙",""
"撛",""
"撝",""
"撟",""
"撡",""
"撣",""
"撦",""
"撨",""
"撬",""
"撳",""
"撽",""
"撾",""
"撿",""
"擄",""
"擉",""
"擊",10
"擋",""
"擌",""
"擎",""
"擐",""
"擑",""
"擕",""
"擗",""
"擤",""
"擥",""
"擩",""
"擪",""
"擭",""
"擰",""
"擵",""
"擷",""
"擻",""
"擿",""
"攁",""
"攄",""
"攈",""
"攉",""
"攊",""
"攏",""
"攓",""
"攔",""
"攖",""
"攙",""
"攛",""
"攞",""
"攟",""
"攢",""
"攦",""
"攩",""
"攮",""
"攱",""
"攺",""
"攼",""
"攽",""
"敃",""
"敇",""
"敉",""
"敐",""
"敒",""
"敔",""
"敟",""
"敠",""
"敧",""
"敫",""
"敺",""
"敽",""
"斁",""
"斅",""
"斊",""
"斒",""
"斕",""
"斘",""
"斝",""
"斠",""
"斣",""
"斦",""
"斮",""
"斲",""
"斳",""
"斴",""
"斿",""
"旂",""
"旈",""
"旉",""
"旎",""
"旐",""
"旔",""
"旖",""
"旘",""
"旟",""
"旰",""
"旲",""
"旴",""
"旵",""
"旹",""
"旾",""
"旿",""
"昀",""
"昄",""
"昈",""
"昉",""
"昍",""
"昑",""
"昒",""
"昕",""
"昖",""
"昝",""
"昞",""
"昡",""
"昢",""
"昣",""
"昤",""
"昦",""
"昩",""
"昪",""
"昫",""
"昬",""
"昮",""
"昰",""
"昱",""
"昳",""
"昹",""
"昷",""
"晀",""
"晅",""
"晆",""
"晊",""
"晌",""
"晑",""
"晎",""
"晗",""
"晘",""
"晙",""
"晛",""
"晜",""
"晠",""
"晡",""
"曻",""
"晪",""
"晫",""
"晬",""
"晾",""
"晳",""
"晵",""
"晿",""
"晷",""
"晸",""
"晹",""
"晻",""
"暀",""
"晼",""
"暋",""
"暌",""
"暍",""
"暐",""
"暒",""
"暙",""
"暚",""
"暛",""
"暜",""
"暟",""
"暠",""
"暤",""
"暭",""
"暱",""
"暲",""
"暵",""
"暻",""
"暿",""
"曀",""
"曂",""
"曃",""
"曈",""
"曌",""
"曎",""
"曏",""
"曔",""
"曛",""
"曟",""
"曨",""
"曫",""
"曬",""
"曮",""
"曺",""
"朅",""
"朇",""
"朎",""
"朓",""
"朙",""
"朜",""
"朠",""
"朢",""
"朳",""
"朾",""
"杅",""
"杇",""
"杈",""
"杌",""
"杔",""
"杕",""
"杝",""
"杦",""
"杬",""
"杮",""
"杴",""
"杶",""
"杻",""
"极",""
"构",""
"枎",""
"枏",""
"枑",""
"枓",""
"枖",""
"枘",""
"枙",""
"枛",""
"枰",""
"枱",""
"枲",""
"枵",""
"枻",""
"枼",""
"枽",""
"柹",""
"柀",""
"柂",""
"柃",""
"柅",""
"柈",""
"柉",""
"柒",""
"柗",""
"柙",""
"柜",""
"柡",""
"柦",""
"柰",""
"柲",""
"柶",""
"柷",""
"桒",""
"栔",""
"栙",""
"栝",""
"栟",""
"栨",""
"栧",""
"栬",""
"栭",""
"栯",""
"栰",""
"栱",""
"栳",""
"栻",""
"栿",""
"桄",""
"桅",""
"桊",""
"桌",""
"桕",""
"桗",""
"桘",""
"桛",""
"桫",""
"桮",""
"桯",""
"桰",""
"桱",""
"桲",""
"桵",""
"桹",""
"桺",""
"桻",""
"桼",""
"梂",""
"梄",""
"梆",""
"梈",""
"梖",""
"梘",""
"梚",""
"梜",""
"梡",""
"梣",""
"梥",""
"梩",""
"梪",""
"梮",""
"梲",""
"梻",""
"棅",""
"棈",""
"棌",""
"棏",""
"棐",""
"棑",""
"棓",""
"棖",""
"棙",""
"棜",""
"棝",""
"棥",""
"棨",""
"棪",""
"棫",""
"棬",""
"棭",""
"棰",""
"棱",""
"棵",""
"棶",""
"棻",""
"棼",""
"棽",""
"椆",""
"椉",""
"椊",""
"椐",""
"椑",""
"椓",""
"椖",""
"椗",""
"椱",""
"椳",""
"椵",""
"椸",""
"椻",""
"楂",""
"楅",""
"楉",""
"楎",""
"楗",""
"楛",""
"楣",""
"楤",""
"楥",""
"楦",""
"楨",""
"楩",""
"楬",""
"楰",""
"楱",""
"楲",""
"楺",""
"楻",""
"楿",""
"榀",""
"榍",""
"榒",""
"榖",""
"榘",""
"榡",""
"榥",""
"榦",""
"榨",""
"榫",""
"榭",""
"榯",""
"榷",""
"榸",""
"榺",""
"榼",""
"槅",""
"槈",""
"槑",""
"槖",""
"槗",""
"槢",""
"槥",""
"槮",""
"槯",""
"槱",""
"槳",""
"槵",""
"槾",""
"樀",""
"樁",""
"樃",""
"樏",""
"樑",""
"樕",""
"樚",""
"樝",""
"樠",""
"樤",""
"樨",""
"樰",""
"樲",""
"樴",""
"樷",""
"樻",""
"樾",""
"樿",""
"橅",""
"橆",""
"橉",""
"橊",""
"橎",""
"橐",""
"橑",""
"橒",""
"橕",""
"橖",""
"橛",""
"橤",""
"橧",""
"橪",""
"橱",""
"橳",""
"橾",""
"檁",""
"檃",""
"檆",""
"檇",""
"檉",""
"檋",""
"檑",""
"檛",""
"檝",""
"檞",""
"檟",""
"檥",""
"檫",""
"檯",""
"檰",""
"檱",""
"檴",""
"檽",""
"檾",""
"檿",""
"櫆",""
"櫉",""
"櫈",""
"櫌",""
"櫐",""
"櫔",""
"櫕",""
"櫖",""
"櫜",""
"櫝",""
"櫤",""
"櫧",""
"櫬",""
"櫰",""
"櫱",""
"櫲",""
"櫼",""
"櫽",""
"欂",""
"欃",""
"欆",""
"欇",""
"欉",""
"欏",""
"欐",""
"欑",""
"欗",""
"欛",""
"欞",""
"欤",""
"欨",""
"欫",""
"欬",""
"欯",""
"欵",""
"欶",""
"欻",""
"欿",""
"歆",""
"歊",""
"歍",""
"歒",""
"歖",""
"歘",""
"歝",""
"歠",""
"歧",""
"歫",""
"歮",""
"歰",""
"歵",""
"歽",""
"歾",""
"殂",""
"殅",""
"殗",""
"殛",""
"殟",""
"殠",""
"殢",""
"殣",""
"殨",""
"殩",""
"殬",""
"殭",""
"殮",""
"殰",""
"殸",""
"殹",""
"殽",""
"殾",""
"毃",""
"毄",""
"毉",""
"毌",""
"毖",""
"毚",""
"毡",""
"毣",""
"毦",""
"毧",""
"毮",""
"毱",""
"毷",""
"毹",""
"毿",""
"氂",""
"氄",""
"氅",""
"氉",""
"氍",""
"氎",""
"氐",""
"氒",""
"氙",""
"氟",""
"氦",""
"氧",""
"氨",""
"氬",""
"氮",""
"氳",""
"氵",""
"氶",""
"氺",""
"氻",""
"氿",""
"汊",""
"汋",""
"汍",""
"汏",""
"汒",""
"汔",""
"汙",""
"汛",""
"汜",""
"汫",""
"汭",""
"汯",""
"汴",""
"汶",""
"汸",""
"汹",""
"汻",""
"沅",""
"沆",""
"沇",""
"沉",""
"沔",""
"沕",""
"沗",""
"沘",""
"沜",""
"沟",""
"沰",""
"沲",""
"沴",""
"泂",""
"泆",""
"泍",""
"泏",""
"泐",""
"泑",""
"泒",""
"泔",""
"泖",""
"泚",""
"泜",""
"泠",""
"泧",""
"泩",""
"泫",""
"泬",""
"泮",""
"泲",""
"泴",""
"洄",""
"洇",""
"洊",""
"洎",""
"洏",""
"洑",""
"洓",""
"洚",""
"洦",""
"洧",""
"洨",""
"汧",""
"洮",""
"洯",""
"洱",""
"洹",""
"洼",""
"洿",""
"浗",""
"浞",""
"浟",""
"浡",""
"浥",""
"浧",""
"浯",""
"浰",""
"浼",""
"涂",""
"涇",""
"涑",""
"涒",""
"涔",""
"涖",""
"涗",""
"涘",""
"涪",""
"涬",""
"涴",""
"涷",""
"涹",""
"涽",""
"涿",""
"淄",""
"淈",""
"淊",""
"淎",""
"淏",""
"淖",""
"淛",""
"淝",""
"淟",""
"淠",""
"淢",""
"淥",""
"淩",""
"淯",""
"淰",""
"淴",""
"淶",""
"淼",""
"渀",""
"渄",""
"渞",""
"渢",""
"渧",""
"渲",""
"渶",""
"渹",""
"渻",""
"渼",""
"湄",""
"湅",""
"湈",""
"湉",""
"湋",""
"湏",""
"湑",""
"湒",""
"湓",""
"湔",""
"湗",""
"湜",""
"湝",""
"湞",""
"湢",""
"湣",""
"湨",""
"湳",""
"湻",""
"湽",""
"溍",""
"溓",""
"溙",""
"溠",""
"溧",""
"溭",""
"溮",""
"溱",""
"溳",""
"溻",""
"溿",""
"滀",""
"滁",""
"滃",""
"滇",""
"滈",""
"滊",""
"滍",""
"滎",""
"滏",""
"滫",""
"滭",""
"滮",""
"滹",""
"滻",""
"滽",""
"漄",""
"漈",""
"漊",""
"漌",""
"漍",""
"漖",""
"漘",""
"漚",""
"漛",""
"漦",""
"漩",""
"漪",""
"漯",""
"漰",""
"漳",""
"漶",""
"漻",""
"漼",""
"漭",""
"潏",""
"潑",""
"潒",""
"潓",""
"潗",""
"潙",""
"潚",""
"潝",""
"潞",""
"潡",""
"潢",""
"潨",""
"潬",""
"潽",""
"潾",""
"澃",""
"澇",""
"澈",""
"澋",""
"澌",""
"澍",""
"澐",""
"澒",""
"澓",""
"澔",""
"澖",""
"澚",""
"澟",""
"澠",""
"澥",""
"澦",""
"澧",""
"澨",""
"澮",""
"澯",""
"澰",""
"澵",""
"澶",""
"澼",""
"濅",""
"濇",""
"濈",""
"濊",""
"濚",""
"濞",""
"濨",""
"濩",""
"濰",""
"濵",""
"濹",""
"濼",""
"濽",""
"瀀",""
"瀅",""
"瀆",""
"瀇",""
"瀍",""
"瀗",""
"瀠",""
"瀣",""
"瀯",""
"瀴",""
"瀷",""
"瀹",""
"瀼",""
"灃",""
"灄",""
"灈",""
"灉",""
"灊",""
"灋",""
"灔",""
"灕",""
"灝",""
"灞",""
"灎",""
"灤",""
"灥",""
"灬",""
"灮",""
"灵",""
"灶",""
"灾",""
"炁",""
"炅",""
"炆",""
"炔",""
"炕",""
"炖",""
"炗",""
"炘",""
"炛",""
"炤",""
"炫",""
"炰",""
"炱",""
"炴",""
"炷",""
"烊",""
"烑",""
"烓",""
"烔",""
"烕",""
"烖",""
"烘",""
"烜",""
"烤",""
"烺",""
"焃",""
"焄",""
"焅",""
"焆",""
"焇",""
"焋",""
"焌",""
"焏",""
"焞",""
"焠",""
"焫",""
"焭",""
"焯",""
"焰",9
"焱",""
"焸",""
"煁",""
"煅",""
"煆",""
"煇",""
"煊",""
"煋",""
"煐",""
"煒",""
"煗",""
"煚",""
"煜",""
"煞",""
"煠",""
"煨",""
"煹",""
"熀",""
"熅",""
"熇",""
"熌",""
"熒",""
"熚",""
"熛",""
"熠",""
"熢",""
"熯",""
"熰",""
"熲",""
"熳",""
"熺",""
"熿",""
"燀",""
"燁",""
"燄",""
"燋",""
"燌",""
"燓",""
"燖",""
"燙",""
"燚",""
"燜",""
"燸",""
"燾",""
"爀",""
"爇",""
"爈",""
"爉",""
"爓",""
"爗",""
"爚",""
"爝",""
"爟",""
"爤",""
"爫",""
"爯",""
"爴",""
"爸",""
"爹",""
"牁",""
"牂",""
"牃",""
"牅",""
"牎",""
"牏",""
"牐",""
"牓",""
"牕",""
"牖",""
"牚",""
"牜",""
"牞",""
"牠",""
"牣",""
"牨",""
"牫",""
"牮",""
"牯",""
"牱",""
"牷",""
"牸",""
"牻",""
"牼",""
"牿",""
"犄",""
"犉",""
"犍",""
"犎",""
"犓",""
"犛",""
"犨",""
"犭",""
"犮",""
"犱",""
"犴",""
"犾",""
"狁",""
"狇",""
"狉",""
"狌",""
"狕",""
"狖",""
"狘",""
"狟",""
"狥",""
"狳",""
"狴",""
"狺",""
"狻",""
"狾",""
"猂",""
"猄",""
"猅",""
"猇",""
"猋",""
"猍",""
"猒",""
"猓",""
"猘",""
"猙",""
"猞",""
"猢",""
"猤",""
"猧",""
"猨",""
"猬",""
"猱",""
"猲",""
"猵",""
"猺",""
"猻",""
"猽",""
"獃",""
"獍",""
"獐",""
"獒",""
"獖",""
"獘",""
"獝",""
"獞",""
"獟",""
"獠",""
"獦",""
"獧",""
"獩",""
"獫",""
"獬",""
"獮",""
"獯",""
"獱",""
"獷",""
"獹",""
"獼",""
"玀",""
"玁",""
"玃",""
"玅",""
"玆",""
"玎",""
"玐",""
"玓",""
"玕",""
"玗",""
"玘",""
"玜",""
"玞",""
"玟",""
"玠",""
"玢",""
"玥",""
"玦",""
"玪",""
"玫",""
"玭",""
"玵",""
"玷",""
"玹",""
"玼",""
"玽",""
"玿",""
"珅",""
"珆",""
"珉",""
"珋",""
"珌",""
"珏",""
"珒",""
"珓",""
"珖",""
"珙",""
"珝",""
"珡",""
"珣",""
"珦",""
"珧",""
"珩",""
"珴",""
"珵",""
"珷",""
"珹",""
"珺",""
"珻",""
"珽",""
"珿",""
"琀",""
"琁",""
"琄",""
"琇",""
"琊",""
"琑",""
"琚",""
"琛",""
"琤",""
"琦",""
"琨",""
"琩",""
"琪",""
"琫",""
"琬",""
"琭",""
"琮",""
"琯",""
"琰",""
"琱",""
"琹",""
"瑀",""
"瑃",""
"瑄",""
"瑆",""
"瑇",""
"瑋",""
"瑍",""
"瑑",""
"瑒",""
"瑗",""
"瑝",""
"瑢",""
"瑦",""
"瑧",""
"瑨",""
"瑫",""
"瑭",""
"瑮",""
"瑱",""
"瑲",""
"璀",""
"璁",""
"璅",""
"璆",""
"璇",""
"璉",""
"璏",""
"璐",""
"璑",""
"璒",""
"璘",""
"璙",""
"璚",""
"璜",""
"璟",""
"璠",""
"璡",""
"璣",""
"璦",""
"璨",""
"璩",""
"璪",""
"璫",""
"璮",""
"璯",""
"璱",""
"璲",""
"璵",""
"璹",""
"璻",""
"璿",""
"瓈",""
"瓉",""
"瓌",""
"瓐",""
"瓓",""
"瓘",""
"瓚",""
"瓛",""
"瓞",""
"瓟",""
"瓤",""
"瓨",""
"瓪",""
"瓫",""
"瓯",""
"瓴",""
"瓺",""
"瓻",""
"瓼",""
"瓿",""
"甆",""
"甒",""
"甖",""
"甗",""
"甠",""
"甡",""
"甤",""
"甧",""
"甩",""
"甪",""
"甯",""
"甶",""
"甹",""
"甽",""
"甾",""
"甿",""
"畀",""
"畃",""
"畇",""
"畈",""
"畎",""
"畐",""
"畒",""
"畗",""
"畞",""
"畟",""
"畡",""
"畯",""
"畱",""
"畹",""
"畺",""
"畻",""
"畼",""
"畽",""
"畾",""
"疁",""
"疅",""
"疐",""
"疒",""
"疓",""
"疕",""
"疙",""
"疜",""
"疢",""
"疤",""
"疴",""
"疺",""
"疿",""
"痀",""
"痁",""
"痄",""
"痆",""
"痌",""
"痎",""
"痏",""
"痗",""
"痜",""
"痟",""
"痠",""
"痡",""
"痤",""
"痧",""
"痬",""
"痮",""
"痯",""
"痱",""
"痹",""
"瘀",""
"瘂",""
"瘃",""
"瘄",""
"瘇",""
"瘈",""
"瘊",""
"瘌",""
"瘏",""
"瘒",""
"瘓",""
"瘕",""
"瘖",""
"瘙",""
"瘛",""
"瘜",""
"瘝",""
"瘞",""
"瘣",""
"瘥",""
"瘦",10
"瘩",""
"瘭",""
"瘲",""
"瘳",""
"瘵",""
"瘸",""
"瘹",""
"瘺",""
"瘼",""
"癊",""
"癀",""
"癁",""
"癃",""
"癄",""
"癅",""
"癉",""
"癋",""
"癕",""
"癙",""
"癟",""
"癤",""
"癥",""
"癭",""
"癮",""
"癯",""
"癱",""
"癴",""
"皁",""
"皅",""
"皌",""
"皍",""
"皕",""
"皛",""
"皜",""
"皝",""
"皟",""
"皠",""
"皢",""
"皣",""
"皤",""
"皥",""
"皦",""
"皧",""
"皨",""
"皪",""
"皭",""
"皽",""
"盁",""
"盅",""
"盉",""
"盋",""
"盌",""
"盎",""
"盔",""
"盙",""
"盠",""
"盦",""
"盨",""
"盬",""
"盰",""
"盱",""
"盶",""
"盹",""
"盼",""
"眀",""
"眆",""
"眊",""
"眎",""
"眒",""
"眔",""
"眕",""
"眗",""
"眙",""
"眚",""
"眜",""
"眢",""
"眨",""
"眭",""
"眮",""
"眯",""
"眴",""
"眵",""
"眶",""
"眹",""
"眽",""
"眾",""
"睂",""
"睅",""
"睆",""
"睊",""
"睍",""
"睎",""
"睏",""
"睒",""
"睖",""
"睗",""
"睜",""
"睞",""
"睟",""
"睠",""
"睢",""
"睤",""
"睧",""
"睪",""
"睬",""
"睰",""
"睲",""
"睳",""
"睴",""
"睺",""
"睽",""
"瞀",""
"瞄",""
"瞌",""
"瞍",""
"瞔",""
"瞕",""
"瞖",""
"瞚",""
"瞟",""
"瞢",""
"瞧",""
"瞪",""
"瞮",""
"瞯",""
"瞱",""
"瞵",""
"瞾",""
"矃",""
"矉",""
"矑",""
"矒",""
"矕",""
"矙",""
"矞",""
"矟",""
"矠",""
"矤",""
"矦",""
"矪",""
"矬",""
"矰",""
"矱",""
"矴",""
"矸",""
"矻",""
"砅",""
"砆",""
"砉",""
"砍",""
"砎",""
"砑",""
"砝",""
"砡",""
"砢",""
"砣",""
"砭",""
"砮",""
"砰",""
"砵",""
"砷",""
"硃",""
"硄",""
"硇",""
"硈",""
"硌",""
"硎",""
"硒",""
"硜",""
"硞",""
"硠",""
"硡",""
"硣",""
"硤",""
"硨",""
"硪",""
"确",""
"硺",""
"硾",""
"碊",""
"碏",""
"碔",""
"碘",""
"碡",""
"碝",""
"碞",""
"碟",""
"碤",""
"碨",""
"碬",""
"碭",""
"碰",""
"碱",""
"碲",""
"碳",""
"碻",""
"碽",""
"碿",""
"磇",""
"磈",""
"磉",""
"磌",""
"磎",""
"磒",""
"磓",""
"磕",""
"磖",""
"磤",""
"磛",""
"磟",""
"磠",""
"磡",""
"磦",""
"磪",""
"磲",""
"磳",""
"礀",""
"磶",""
"磷",""
"磺",""
"磻",""
"磿",""
"礆",""
"礌",""
"礐",""
"礚",""
"礜",""
"礞",""
"礟",""
"礠",""
"礥",""
"礧",""
"礩",""
"礭",""
"礱",""
"礴",""
"礵",""
"礻",""
"礽",""
"礿",""
"祄",""
"祅",""
"祆",""
"祊",""
"祋",""
"祏",""
"祑",""
"祔",""
"祘",""
"祛",""
"祜",""
"祧",""
"祩",""
"祫",""
"祲",""
"祹",""
"祻",""
"祼",""
"祾",""
"禋",""
"禌",""
"禑",""
"禓",""
"禔",""
"禕",""
"禖",""
"禘",""
"禛",""
"禜",""
"禡",""
"禨",""
"禩",""
"禫",""
"禯",""
"禱",9
"禴",""
"禸",""
"离",""
"秂",""
"秄",""
"秇",""
"秈",""
"秊",""
"秏",""
"秔",""
"秖",""
"秚",""
"秝",""
"秞",""
"秠",""
"秢",""
"秥",""
"秪",""
"秫",""
"秭",""
"秱",""
"秸",""
"秼",""
"稂",""
"稃",""
"稇",""
"稉",""
"稊",""
"稌",""
"稑",""
"稕",""
"稛",""
"稞",""
"稡",""
"稧",""
"稫",""
"稭",""
"稯",""
"稰",""
"稴",""
"稵",""
"稸",""
"稹",""
"稺",""
"穄",""
"穅",""
"穇",""
"穈",""
"穌",""
"穕",""
"穖",""
"穙",""
"穜",""
"穝",""
"穟",""
"穠",""
"穥",""
"穧",""
"穪",""
"穭",""
"穵",""
"穸",""
"穾",""
"窀",""
"窂",""
"窅",""
"窆",""
"窊",""
"窋",""
"窐",""
"窑",""
"窔",""
"窞",""
"窠",""
"窣",""
"窬",""
"窳",""
"窵",""
"窹",""
"窻",""
"窼",""
"竆",""
"竉",""
"竌",""
"竎",""
"竑",""
"竛",""
"竨",""
"竩",""
"竫",""
"竬",""
"竱",""
"竴",""
"竻",""
"竽",""
"竾",""
"笇",""
"笔",""
"笟",""
"笣",""
"笧",""
"笩",""
"笪",""
"笫",""
"笭",""
"笮",""
"笯",""
"笰",""
"笱",""
"笴",""
"笽",""
"笿",""
"筀",""
"筁",""
"筇",""
"筎",""
"筕",""
"筠",""
"筤",""
"筦",""
"筩",""
"筪",""
"筭",""
"筯",""
"筲",""
"筳",""
"筷",""
"箄",""
"箉",""
"箎",""
"箐",""
"箑",""
"箖",""
"箛",""
"箞",""
"箠",""
"箥",""
"箬",""
"箯",""
"箰",""
"箲",""
"箵",""
"箶",""
"箺",""
"箻",""
"箼",""
"箽",""
"篂",""
"篅",""
"篈",""
"篊",""
"篔",""
"篖",""
"篗",""
"篙",""
"篚",""
"篛",""
"篨",""
"篪",""
"篲",""
"篴",""
"篵",""
"篸",""
"篹",""
"篺",""
"篼",""
"篾",""
"簁",""
"簂",""
"簃",""
"簄",""
"簆",""
"簉",""
"簋",""
"簌",""
"簎",""
"簏",""
"簙",""
"簛",""
"簠",""
"簥",""
"簦",""
"簨",""
"簬",""
"簱",""
"簳",""
"簴",""
"簶",""
"簹",""
"簺",""
"籆",""
"籊",""
"籕",""
"籑",""
"籒",""
"籓",""
"籙",""
"籚",""
"籛",""
"籜",""
"籝",""
"籞",""
"籡",""
"籣",""
"籧",""
"籩",""
"籭",""
"籮",""
"籰",""
"籲",""
"籹",""
"籼",""
"籽",""
"粆",""
"粇",""
"粏",""
"粔",""
"粞",""
"粠",""
"粦",""
"粰",""
"粶",""
"粷",""
"粺",""
"粻",""
"粼",""
"粿",""
"糄",""
"糇",""
"糈",""
"糉",""
"糍",""
"糏",""
"糓",""
"糔",""
"糕",""
"糗",""
"糙",""
"糚",""
"糝",""
"糦",""
"糩",""
"糫",""
"糵",""
"紃",""
"紇",""
"紈",""
"紉",""
"紏",""
"紑",""
"紒",""
"紓",""
"紖",""
"紝",""
"紞",""
"紣",""
"紦",""
"紪",""
"紭",""
"紱",""
"紼",""
"紽",""
"紾",""
"絀",""
"絁",""
"絇",""
"絈",""
"絍",""
"絑",""
"絓",""
"絗",""
"絙",""
"絚",""
"絜",""
"絝",""
"絥",""
"絧",""
"絪",""
"絰",""
"絸",""
"絺",""
"絻",""
"絿",""
"綁",""
"綂",""
"綃",""
"綅",""
"綆",""
"綈",""
"綋",""
"綌",""
"綍",""
"綑",""
"綖",""
"綗",""
"綝",""
"綞",""
"綦",""
"綧",""
"綪",""
"綳",""
"綶",""
"綷",""
"綹",""
"緂",""
"緃",""
"緄",""
"緅",""
"緆",""
"緌",""
"緍",""
"緎",""
"緗",""
"緙",""
"縀",""
"緢",""
"緥",""
"緦",""
"緪",""
"緫",""
"緭",""
"緱",""
"緵",""
"緶",""
"緹",""
"緺",""
"縈",""
"縐",""
"縑",""
"縕",""
"縗",""
"縜",""
"縝",""
"縠",""
"縧",""
"縨",""
"縬",""
"縭",""
"縯",""
"縳",""
"縶",""
"縿",""
"繄",""
"繅",""
"繇",""
"繎",""
"繐",""
"繒",""
"繘",""
"繟",""
"繡",9
"繢",""
"繥",""
"繫",9
"繮",""
"繯",""
"繳",""
"繸",""
"繾",""
"纁",""
"纆",""
"纇",""
"纊",""
"纍",""
"纑",""
"纕",""
"纘",""
"纚",""
"纝",""
"纞",""
"缼",""
"缻",""
"缽",""
"缾",""
"缿",""
"罃",""
"罄",""
"罇",""
"罏",""
"罒",""
"罓",""
"罛",""
"罜",""
"罝",""
"罡",""
"罣",""
"罤",""
"罥",""
"罦",""
"罭",""
"罱",""
"罽",""
"罾",""
"罿",""
"羀",""
"羋",""
"羍",""
"羏",""
"羐",""
"羑",""
"羖",""
"羗",""
"羜",""
"羡",""
"羢",""
"羦",""
"羪",""
"羭",""
"羴",""
"羼",""
"羿",""
"翀",""
"翃",""
"翈",""
"翎",""
"翏",""
"翛",""
"翟",""
"翣",""
"翥",""
"翨",""
"翬",""
"翮",""
"翯",""
"翲",""
"翺",""
"翽",""
"翾",""
"翿",""
"耇",""
"耈",""
"耊",""
"耍",""
"耎",""
"耏",""
"耑",""
"耓",""
"耔",""
"耖",""
"耝",""
"耞",""
"耟",""
"耠",""
"耤",""
"耦",""
"耬",""
"耮",""
"耰",""
"耴",""
"耵",""
"耷",""
"耹",""
"耺",""
"耼",""
"耾",""
"聀",""
"聄",""
"聠",""
"聤",""
"聦",""
"聭",""
"聱",""
"聵",""
"肁",""
"肈",""
"肎",""
"肜",""
"肞",""
"肦",""
"肧",""
"肫",""
"肸",""
"肹",""
"胈",""
"胍",""
"胏",""
"胒",""
"胔",""
"胕",""
"胗",""
"胘",""
"胠",""
"胭",""
"胮",""
"胰",""
"胲",""
"胳",""
"胶",""
"胹",""
"胺",""
"胾",""
"脃",""
"脋",""
"脖",""
"脗",""
"脘",""
"脜",""
"脞",""
"脠",""
"脤",""
"脧",""
"脬",""
"脰",""
"脵",""
"脺",""
"脼",""
"腅",""
"腇",""
"腊",""
"腌",""
"腒",""
"腗",""
"腠",""
"腡",""
"腧",""
"腨",""
"腩",""
"腭",""
"腯",""
"腷",""
"膁",""
"膐",""
"膄",""
"膅",""
"膆",""
"膋",""
"膎",""
"膖",""
"膘",""
"膛",""
"膞",""
"膢",""
"膮",""
"膲",""
"膴",""
"膻",""
"臋",""
"臃",""
"臅",""
"臊",""
"臎",""
"臏",""
"臕",""
"臗",""
"臛",""
"臝",""
"臞",""
"臡",""
"臤",""
"臫",""
"臬",""
"臰",""
"臱",""
"臲",""
"臵",""
"臶",""
"臸",""
"臹",""
"臽",""
"臿",""
"舀",""
"舃",""
"舏",""
"舓",""
"舔",""
"舙",""
"舚",""
"舝",""
"舡",""
"舢",""
"舨",""
"舲",""
"舴",""
"舺",""
"艃",""
"艄",""
"艅",""
"艆",""
"艋",""
"艎",""
"艏",""
"艑",""
"艖",""
"艜",""
"艠",""
"艣",""
"艧",""
"艭",""
"艴",""
"艻",""
"艽",""
"艿",""
"芀",""
"芁",""
"芃",""
"芄",""
"芇",""
"芉",""
"芊",""
"芎",""
"芑",""
"芔",""
"芖",""
"芘",""
"芚",""
"芛",""
"芠",""
"芡",""
"芣",""
"芤",""
"芧",""
"芨",""
"芩",""
"芪",""
"芮",""
"芰",""
"芲",""
"芴",""
"芷",""
"芺",""
"芼",""
"芾",""
"芿",""
"苆",""
"苐",""
"苕",""
"苚",""
"苠",""
"苢",""
"苤",""
"苨",""
"苪",""
"苭",""
"苯",""
"苶",""
"苷",""
"苽",""
"苾",""
"茀",""
"茁",""
"茇",""
"茈",""
"茊",""
"茋",""
"荔",""
"茛",""
"茝",""
"茞",""
"茟",""
"茡",""
"茢",""
"茬",""
"茭",""
"茮",""
"茰",""
"茳",""
"茷",""
"茺",""
"茼",""
"茽",""
"荂",""
"荃",""
"荄",""
"荇",""
"荍",""
"荎",""
"荑",""
"荕",""
"荖",""
"荗",""
"荰",""
"荸",""
"荽",""
"荿",""
"莀",""
"莂",""
"莄",""
"莆",""
"莍",""
"莒",""
"莔",""
"莕",""
"莘",""
"莙",""
"莛",""
"莜",""
"莝",""
"莦",""
"莧",""
"莩",""
"莬",""
"莾",""
"莿",""
"菀",""
"菇",""
"菉",""
"菏",""
"菐",""
"菑",""
"菔",""
"菝",""
"荓",""
"菨",""
"菪",""
"菶",""
"菸",""
"菹",""
"菼",""
"萁",""
"萆",""
"萊",9
"萏",""
"萑",""
"萕",""
"萙",""
"莭",""
"萯",""
"萹",""
"葅",""
"葇",""
"葈",""
"葊",""
"葍",""
"葏",""
"葑",""
"葒",""
"葖",""
"葘",""
"葙",""
"葚",""
"葜",""
"葠",""
"葤",""
"葥",""
"葧",""
"葪",""
"葰",""
"葳",""
"葴",""
"葶",""
"葸",""
"葼",""
"葽",""
"蒁",""
"蒅",""
"蒒",""
"蒓",""
"蒕",""
"蒞",""
"蒦",""
"蒨",""
"蒩",""
"蒪",""
"蒯",""
"蒱",""
"蒴",""
"蒺",""
"蒽",""
"蒾",""
"蓀",""
"蓂",""
"蓇",""
"蓈",""
"蓌",""
"蓏",""
"蓓",""
"蓜",""
"蓧",""
"蓪",""
"蓯",""
"蓰",""
"蓱",""
"蓲",""
"蓷",""
"蔲",""
"蓺",""
"蓻",""
"蓽",""
"蔂",""
"蔃",""
"蔇",""
"蔌",""
"蔎",""
"蔐",""
"蔜",""
"蔞",""
"蔢",""
"蔣",9
"蔤",""
"蔥",""
"蔧",""
"蔪",""
"蔫",""
"蔯",""
"蔳",""
"蔴",""
"蔶",""
"蔿",""
"蕆",""
"蕏",""
"蕐",""
"蕑",""
"蕒",""
"蕓",""
"蕖",""
"蕙",""
"蕜",""
"蕝",""
"蕞",""
"蕟",""
"蕠",""
"蕡",""
"蕢",""
"蕤",""
"蕫",""
"蕯",""
"蕹",""
"蕺",""
"蕻",""
"蕽",""
"蕿",""
"薁",""
"薅",""
"薆",""
"薉",""
"薋",""
"薌",""
"薏",""
"薓",""
"薘",""
"薝",""
"薟",""
"薠",""
"薢",""
"薥",""
"薧",""
"薴",""
"薶",""
"薷",""
"薸",""
"薼",""
"薽",""
"薾",""
"薿",""
"藂",""
"藇",""
"藊",""
"藋",""
"藎",""
"薭",""
"藘",""
"藚",""
"藟",""
"藠",""
"藦",""
"藨",""
"藭",""
"藳",""
"藶",""
"藼",""
"藿",""
"蘀",""
"蘄",""
"蘅",""
"蘍",""
"蘎",""
"蘐",""
"蘑",""
"蘒",""
"蘘",""
"蘙",""
"蘛",""
"蘞",""
"蘡",""
"蘧",""
"蘩",""
"蘶",""
"蘸",""
"蘺",""
"蘼",""
"蘽",""
"虀",""
"虂",""
"虆",""
"虒",""
"虓",""
"虖",""
"虗",""
"虘",""
"虙",""
"虝",""
"虠",""
"虡",""
"虢",""
"虣",""
"虤",""
"虩",""
"虬",""
"虯",""
"虵",""
"虶",""
"虷",""
"虺",""
"蚍",""
"蚑",""
"蚖",""
"蚘",""
"蚚",""
"蚜",""
"蚡",""
"蚦",""
"蚧",""
"蚨",""
"蚭",""
"蚱",""
"蚳",""
"蚴",""
"蚵",""
"蚷",""
"蚸",""
"蚹",""
"蚿",""
"蛀",""
"蛁",""
"蛃",""
"蛅",""
"蛑",""
"蛒",""
"蛕",""
"蛗",""
"蛚",""
"蛜",""
"蛠",""
"蛣",""
"蛥",""
"蛧",""
"蚈",""
"蛺",""
"蛼",""
"蛽",""
"蜄",""
"蜅",""
"蜇",""
"蜋",""
"蜎",""
"蜏",""
"蜐",""
"蜓",""
"蜔",""
"蜙",""
"蜞",""
"蜟",""
"蜡",""
"蜣",""
"蜨",""
"蜮",""
"蜯",""
"蜱",""
"蜲",""
"蜹",""
"蜺",""
"蜼",""
"蜽",""
"蜾",""
"蝀",""
"蝃",""
"蝅",""
"蝍",""
"蝘",""
"蝝",""
"蝡",""
"蝤",""
"蝥",""
"蝯",""
"蝱",""
"蝲",""
"蝻",""
"螃",""
"螄",""
"螅",""
"螆",""
"螇",""
"螈",""
"螉",""
"螋",""
"螌",""
"螐",""
"螓",""
"螕",""
"螗",""
"螘",""
"螙",""
"螞",""
"螠",""
"螣",""
"螧",""
"螬",""
"螭",""
"螮",""
"螱",""
"螵",""
"螾",""
"螿",""
"蟁",""
"蟈",""
"蟉",""
"蟊",""
"蟎",""
"蟕",""
"蟖",""
"蟙",""
"蟚",""
"蟜",""
"蟟",""
"蟢",""
"蟣",""
"蟤",""
"蟪",""
"蟫",""
"蟭",""
"蟱",""
"蟳",""
"蟸",""
"蟺",""
"蟿",""
"蠁",""
"蠃",""
"蠆",""
"蠉",""
"蠊",""
"蠋",""
"蠐",""
"蠙",""
"蠒",""
"蠓",""
"蠔",""
"蠘",""
"蠚",""
"蠛",""
"蠜",""
"蠞",""
"蠟",9
"蠨",""
"蠭",""
"蠮",""
"蠰",""
"蠲",""
"蠵",""
"蠺",""
"蠼",""
"衁",""
"衃",""
"衅",""
"衈",""
"衉",""
"衊",""
"衋",""
"衎",""
"衑",""
"衕",""
"衖",""
"衘",""
"衚",""
"衜",""
"衟",""
"衠",""
"衤",""
"衩",""
"衱",""
"衹",""
"衻",""
"袀",""
"袘",""
"袚",""
"袛",""
"袜",""
"袟",""
"袠",""
"袨",""
"袪",""
"袺",""
"袽",""
"袾",""
"裀",""
"裊",""
"裋",""
"裌",""
"裍",""
"裎",""
"裑",""
"裒",""
"裓",""
"裛",""
"裞",""
"裧",""
"裯",""
"裰",""
"裱",""
"裵",""
"裷",""
"褁",""
"褆",""
"褍",""
"褎",""
"褏",""
"褕",""
"褖",""
"褘",""
"褙",""
"褚",""
"褜",""
"褠",""
"褦",""
"褧",""
"褨",""
"褰",""
"褱",""
"褲",""
"褵",""
"褹",""
"褺",""
"褾",""
"襀",""
"襂",""
"襅",""
"襆",""
"襉",""
"襏",""
"襒",""
"襗",""
"襚",""
"襛",""
"襜",""
"襡",""
"襢",""
"襣",""
"襫",""
"襮",""
"襰",""
"襳",""
"襵",""
"襺",""
"襻",""
"襼",""
"襽",""
"覉",""
"覍",""
"覐",""
"覔",""
"覕",""
"覛",""
"覜",""
"覟",""
"覠",""
"覥",""
"覰",""
"覴",""
"覵",""
"覶",""
"覷",""
"覼",""
"觔",""
"觕",""
"觖",""
"觗",""
"觘",""
"觥",""
"觩",""
"觫",""
"觭",""
"觱",""
"觳",""
"觶",""
"觹",""
"觽",""
"觿",""
"訄",""
"訅",""
"訇",""
"訏",""
"訑",""
"訒",""
"訔",""
"訕",""
"訞",""
"訠",""
"訢",""
"訤",""
"訦",""
"訫",""
"訬",""
"訯",""
"訵",""
"訷",""
"訽",""
"訾",""
"詀",""
"詃",""
"詅",""
"詇",""
"詉",""
"詍",""
"詎",""
"詓",""
"詖",""
"詗",""
"詘",""
"詜",""
"詝",""
"詡",""
"詥",""
"詧",""
"詵",""
"詶",""
"詷",""
"詹",""
"詺",""
"詻",""
"詾",""
"詿",""
"誀",""
"誃",""
"誆",""
"誋",""
"誏",""
"誐",""
"誒",""
"誖",""
"誗",""
"誙",""
"誟",""
"誧",""
"誩",""
"誮",""
"誯",""
"誳",""
"誶",""
"誷",""
"誻",""
"誾",""
"諃",""
"諆",""
"諈",""
"諉",""
"諊",""
"諑",""
"諓",""
"諔",""
"諕",""
"諗",""
"諝",""
"諟",""
"諬",""
"諰",""
"諴",""
"諵",""
"諶",""
"諼",""
"諿",""
"謅",""
"謆",""
"謋",""
"謑",""
"謜",""
"謞",""
"謟",""
"謊",""
"謭",""
"謰",""
"謷",""
"謼",""
"譂",""
"譃",""
"譄",""
"譅",""
"譆",""
"譈",""
"譒",""
"譓",""
"譔",""
"譙",""
"譍",""
"譞",""
"譣",""
"譭",""
"譶",""
"譸",""
"譹",""
"譼",""
"譾",""
"讁",""
"讄",""
"讅",""
"讋",""
"讍",""
"讏",""
"讔",""
"讕",""
"讜",""
"讞",""
"讟",""
"谸",""
"谹",""
"谽",""
"谾",""
"豅",""
"豇",""
"豉",""
"豋",""
"豏",""
"豑",""
"豓",""
"豔",""
"豗",""
"豘",""
"豛",""
"豝",""
"豙",""
"豣",""
"豤",""
"豦",""
"豨",""
"豩",""
"豭",""
"豳",""
"豵",""
"豶",""
"豻",""
"豾",""
"貆",""
"貇",""
"貋",""
"貐",""
"貒",""
"貓",""
"貙",""
"貛",""
"貜",""
"貤",""
"貹",""
"貺",""
"賅",""
"賆",""
"賉",""
"賋",""
"賏",""
"賖",""
"賕",""
"賙",""
"賝",""
"賡",""
"賨",""
"賬",""
"賯",""
"賰",""
"賲",""
"賵",""
"賷",""
"賸",""
"賾",""
"賿",""
"贁",""
"贃",""
"贉",""
"贒",""
"贗",""
"贛",""
"赥",""
"赩",""
"赬",""
"赮",""
"赿",""
"趂",""
"趄",""
"趈",""
"趍",""
"趐",""
"趑",""
"趕",""
"趞",""
"趟",""
"趠",""
"趦",""
"趫",""
"趬",""
"趯",""
"趲",""
"趵",""
"趷",""
"趹",""
"趻",""
"跀",""
"跅",""
"跆",""
"跇",""
"跈",""
"跊",""
"跎",""
"跑",""
"跔",""
"跕",""
"跗",""
"跙",""
"跤",""
"跥",""
"跧",""
"跬",""
"跰",""
"趼",""
"跱",""
"跲",""
"跴",""
"跽",""
"踁",""
"踄",""
"踅",""
"踆",""
"踋",""
"踑",""
"踔",""
"踖",""
"踠",""
"踡",""
"踢",""
"踣",""
"踦",""
"踧",""
"踱",""
"踳",""
"踶",""
"踷",""
"踸",""
"踹",""
"踽",""
"蹀",""
"蹁",""
"蹋",""
"蹍",""
"蹎",""
"蹏",""
"蹔",""
"蹛",""
"蹜",""
"蹝",""
"蹞",""
"蹡",""
"蹢",""
"蹩",""
"蹬",""
"蹭",""
"蹯",""
"蹰",""
"蹱",""
"蹹",""
"蹺",""
"蹻",""
"躂",""
"躃",""
"躉",""
"躐",""
"躒",""
"躕",""
"躚",""
"躛",""
"躝",""
"躞",""
"躢",""
"躧",""
"躩",""
"躭",""
"躮",""
"躳",""
"躵",""
"躺",""
"躻",""
"軀",""
"軁",""
"軃",""
"軄",""
"軇",""
"軏",""
"軑",""
"軔",""
"軜",""
"軨",""
"軮",""
"軰",""
"軱",""
"軷",""
"軹",""
"軺",""
"軭",""
"輀",""
"輂",""
"輇",""
"輈",""
"輏",""
"輐",""
"輖",""
"輗",""
"輘",""
"輞",""
"輠",""
"輡",""
"輣",""
"輥",""
"輧",""
"輨",""
"輬",""
"輭",""
"輮",""
"輴",""
"輵",""
"輶",""
"輷",""
"輺",""
"轀",""
"轁",""
"轃",""
"轇",""
"轏",""
"轑",""
"轒",""
"轓",""
"轔",""
"轕",""
"轘",""
"轝",""
"轞",""
"轥",""
"辝",""
"辠",""
"辡",""
"辤",""
"辥",""
"辦",""
"辵",""
"辶",""
"辸",""
"达",""
"迀",""
"迁",""
"迆",""
"迊",""
"迋",""
"迍",""
"运",""
"迒",""
"迓",""
"迕",""
"迠",""
"迣",""
"迤",""
"迨",""
"迮",""
"迱",""
"迵",""
"迶",""
"迻",""
"迾",""
"适",""
"逄",""
"逈",""
"逌",""
"逘",""
"逛",""
"逨",""
"逩",""
"逯",""
"逪",""
"逬",""
"逭",""
"逳",""
"逴",""
"逷",""
"逿",""
"遃",""
"遄",""
"遌",""
"遛",""
"遝",""
"遢",""
"遦",""
"遧",""
"遬",""
"遰",""
"遴",""
"遹",""
"邅",""
"邈",""
"邋",""
"邌",""
"邎",""
"邐",""
"邕",""
"邗",""
"邘",""
"邙",""
"邛",""
"邠",""
"邡",""
"邢",""
"邥",""
"邰",""
"邲",""
"邳",""
"邴",""
"邶",""
"邽",""
"郌",""
"邾",""
"郃",""
"郄",""
"郅",""
"郇",""
"郈",""
"郕",""
"郗",""
"郘",""
"郙",""
"郜",""
"郝",""
"郟",""
"郥",""
"郒",""
"郶",""
"郫",""
"郯",""
"郰",""
"郴",""
"郾",""
"郿",""
"鄀",""
"鄄",""
"鄅",""
"鄆",""
"鄈",""
"鄍",""
"鄐",""
"鄔",""
"鄖",""
"鄗",""
"鄘",""
"鄚",""
"鄜",""
"鄞",""
"鄠",""
"鄥",""
"鄢",""
"鄣",""
"鄧",""
"鄩",""
"鄮",""
"鄯",""
"鄱",""
"鄴",""
"鄶",""
"鄷",""
"鄹",""
"鄺",""
"鄼",""
"鄽",""
"酃",""
"酇",""
"酈",""
"酏",""
"酓",""
"酗",""
"酙",""
"酚",""
"酛",""
"酡",""
"酤",""
"酧",""
"酭",""
"酴",""
"酹",""
"酺",""
"酻",""
"醁",""
"醃",""
"醅",""
"醆",""
"醊",""
"醎",""
"醑",""
"醓",""
"醔",""
"醕",""
"醘",""
"醞",""
"醡",""
"醦",""
"醨",""
"醬",9
"醭",""
"醮",""
"醰",""
"醱",""
"醲",""
"醳",""
"醶",""
"醻",""
"醼",""
"醽",""
"醿",""
"釂",""
"釃",""
"釅",""
"釓",""
"釔",""
"釗",""
"釙",""
"釚",""
"釞",""
"釤",""
"釥",""
"釩",""
"釪",""
"釬",""
"釭",""
"釮",""
"釯",""
"釰",""
"釱",""
"釷",""
"釹",""
"釻",""
"釽",""
"鈀",""
"鈁",""
"鈄",""
"鈅",""
"鈆",""
"鈇",""
"鈉",""
"鈊",""
"鈌",""
"鈐",""
"鈒",""
"鈓",""
"鈖",""
"鈘",""
"鈜",""
"鈝",""
"鈣",""
"鈤",""
"鈥",""
"鈦",""
"鈨",""
"鈮",""
"鈯",""
"鈰",""
"鈳",""
"鈵",""
"鈶",""
"鈸",""
"鈹",""
"鈺",""
"鈼",""
"鈾",""
"鉀",""
"鉂",""
"鉃",""
"鉆",""
"鉇",""
"鉊",""
"鉍",""
"鉎",""
"鉏",""
"鉑",""
"鉘",""
"鉙",""
"鉜",""
"鉝",""
"鉠",""
"鉡",""
"鉥",""
"鉧",""
"鉨",""
"鉩",""
"鉮",""
"鉯",""
"鉰",""
"鉵",""
"鉶",""
"鉷",""
"鉸",""
"鉹",""
"鉻",""
"鉼",""
"鉽",""
"鉿",""
"銈",""
"銉",""
"銊",""
"銍",""
"銎",""
"銒",""
"銗",""
"銙",""
"銟",""
"銠",""
"銤",""
"銥",""
"銧",""
"銨",""
"銫",""
"銯",""
"銲",""
"銶",""
"銸",""
"銺",""
"銻",""
"銼",""
"銽",""
"銿",""
"鋀",""
"鋁",""
"鋂",""
"鋃",""
"鋅",""
"鋆",""
"鋇",""
"鋈",""
"鋋",""
"鋌",""
"鋍",""
"鋎",""
"鋐",""
"鋓",""
"鋕",""
"鋗",""
"鋘",""
"鋙",""
"鋜",""
"鋝",""
"鋟",""
"鋠",""
"鋡",""
"鋣",""
"鋥",""
"鋧",""
"鋨",""
"鋬",""
"鋮",""
"鋰",""
"鋹",""
"鋻",""
"鋿",""
"錀",""
"錂",""
"錈",""
"錍",""
"錑",""
"錔",""
"錕",""
"錜",""
"錝",""
"錞",""
"錟",""
"錡",""
"錤",""
"錥",""
"錧",""
"錩",""
"錪",""
"錳",""
"錴",""
"錶",""
"錷",""
"鍇",""
"鍈",""
"鍉",""
"鍐",""
"鍑",""
"鍒",""
"鍕",""
"鍗",""
"鍘",""
"鍚",""
"鍞",""
"鍤",""
"鍥",""
"鍧",""
"鍩",""
"鍪",""
"鍭",""
"鍯",""
"鍰",""
"鍱",""
"鍳",""
"鍴",""
"鍶",""
"鍺",""
"鍽",""
"鍿",""
"鎀",""
"鎁",""
"鎂",""
"鎈",""
"鎊",""
"鎋",""
"鎍",""
"鎏",""
"鎒",""
"鎕",""
"鎘",""
"鎛",""
"鎞",""
"鎡",""
"鎣",""
"鎤",""
"鎦",""
"鎨",""
"鎫",""
"鎴",""
"鎵",""
"鎶",""
"鎺",""
"鎩",""
"鏁",""
"鏄",""
"鏅",""
"鏆",""
"鏇",""
"鏉",""
"鏊",""
"鏋",""
"鏌",""
"鏍",""
"鏓",""
"鏙",""
"鏜",""
"鏞",""
"鏟",""
"鏢",""
"鏦",""
"鏧",""
"鏹",""
"鏷",""
"鏸",""
"鏺",""
"鏻",""
"鏽",""
"鐁",""
"鐂",""
"鐄",""
"鐈",""
"鐉",""
"鐍",""
"鐎",""
"鐏",""
"鐕",""
"鐖",""
"鐗",""
"鐟",""
"鐮",""
"鐯",""
"鐱",""
"鐲",""
"鐳",""
"鐴",""
"鐻",""
"鐿",""
"鐽",""
"鑃",""
"鑅",""
"鑈",""
"鑊",""
"鑌",""
"鑕",""
"鑙",""
"鑜",""
"鑟",""
"鑡",""
"鑣",""
"鑨",""
"鑫",""
"鑭",""
"鑮",""
"鑯",""
"鑱",""
"鑲",""
"钄",""
"钃",""
"镸",""
"镹",""
"镾",""
"閄",""
"閈",""
"閌",""
"閍",""
"閎",""
"閝",""
"閞",""
"閟",""
"閡",""
"閦",""
"閩",""
"閫",""
"閬",""
"閴",""
"閶",""
"閺",""
"閽",""
"閿",""
"闆",""
"闈",""
"闉",""
"闋",""
"闐",""
"闑",""
"闒",""
"闓",""
"闙",""
"闚",""
"闝",""
"闞",""
"闟",""
"闠",""
"闤",""
"闦",""
"阝",""
"阞",""
"阢",""
"阤",""
"阥",""
"阦",""
"阬",""
"阱",""
"阳",""
"阷",""
"阸",""
"阹",""
"阺",""
"阼",""
"阽",""
"陁",""
"陒",""
"陔",""
"陖",""
"陗",""
"陘",""
"陡",""
"陮",""
"陴",""
"陻",""
"陼",""
"陾",""
"陿",""
"隁",""
"隂",""
"隃",""
"隄",""
"隉",""
"隑",""
"隖",""
"隚",""
"隝",""
"隟",""
"隤",""
"隥",""
"隦",""
"隩",""
"隮",""
"隯",""
"隳",""
"隺",""
"雊",""
"雒",""
"嶲",""
"雘",""
"雚",""
"雝",""
"雞",""
"雟",""
"雩",""
"雯",""
"雱",""
"雺",""
"霂",""
"霃",""
"霅",""
"霉",""
"霚",""
"霛",""
"霝",""
"霡",""
"霢",""
"霣",""
"霨",""
"霱",""
"霳",""
"靁",""
"靃",""
"靊",""
"靎",""
"靏",""
"靕",""
"靗",""
"靘",""
"靚",""
"靛",""
"靣",""
"靧",""
"靪",""
"靮",""
"靳",""
"靶",""
"靷",""
"靸",""
"靻",""
"靽",""
"靿",""
"鞀",""
"鞉",""
"鞕",""
"鞖",""
"鞗",""
"鞙",""
"鞚",""
"鞞",""
"鞟",""
"鞢",""
"鞬",""
"鞮",""
"鞱",""
"鞲",""
"鞵",""
"鞶",""
"鞸",""
"鞹",""
"鞺",""
"鞼",""
"鞾",""
"鞿",""
"韁",""
"韄",""
"韅",""
"韇",""
"韉",""
"韊",""
"韌",""
"韍",""
"韎",""
"韐",""
"韑",""
"韔",""
"韗",""
"韘",""
"韙",""
"韝",""
"韞",""
"韠",""
"韛",""
"韡",""
"韤",""
"韯",""
"韱",""
"韴",""
"韷",""
"韸",""
"韺",""
"頇",""
"頊",""
"頙",""
"頍",""
"頎",""
"頔",""
"頖",""
"頜",""
"頞",""
"頠",""
"頣",""
"頦",""
"頫",""
"頮",""
"頯",""
"頰",8
"頲",""
"頳",""
"頵",""
"頥",""
"頾",""
"顄",""
"顇",""
"顊",""
"顑",""
"顒",""
"顓",""
"顖",""
"顗",""
"顙",""
"顚",9
"顢",""
"顣",""
"顥",""
"顦",""
"顪",""
"顬",""
"颫",""
"颭",""
"颮",""
"颰",""
"颴",""
"颷",""
"颸",""
"颺",""
"颻",""
"颿",""
"飂",""
"飅",""
"飈",""
"飌",""
"飡",""
"飣",""
"飥",""
"飦",""
"飧",""
"飪",""
"飳",""
"飶",""
"餂",""
"餇",""
"餈",""
"餑",""
"餕",""
"餖",""
"餗",""
"餚",""
"餛",""
"餜",""
"餟",""
"餢",""
"餦",""
"餧",""
"餫",""
"餱",""
"餲",""
"餳",""
"餴",""
"餵",""
"餹",""
"餺",""
"餻",""
"餼",""
"饀",""
"饁",""
"饆",""
"饇",""
"饈",""
"饍",""
"饎",""
"饔",""
"饘",""
"饙",""
"饛",""
"饜",""
"饞",""
"饟",""
"饠",""
"馛",""
"馝",""
"馟",""
"馦",""
"馰",""
"馱",""
"馲",""
"馵",""
"馹",""
"馺",""
"馽",""
"馿",""
"駃",""
"駉",""
"駓",""
"駔",""
"駙",""
"駚",""
"駜",""
"駞",""
"駧",""
"駪",""
"駫",""
"駬",""
"駰",""
"駴",""
"駵",""
"駹",""
"駽",""
"駾",""
"騂",""
"騃",""
"騄",""
"騋",""
"騌",""
"騐",""
"騑",""
"騖",""
"騞",""
"騠",""
"騢",""
"騣",""
"騤",""
"騧",""
"騭",""
"騮",""
"騳",""
"騵",""
"騶",""
"騸",""
"驇",""
"驁",""
"驄",""
"驊",""
"驋",""
"驌",""
"驎",""
"驑",""
"驔",""
"驖",""
"驝",""
"骪",""
"骬",""
"骮",""
"骯",""
"骲",""
"骴",""
"骵",""
"骶",""
"骹",""
"骻",""
"骾",""
"骿",""
"髁",""
"髃",""
"髆",""
"髈",""
"髎",""
"髐",""
"髒",""
"髕",""
"髖",""
"髗",""
"髛",""
"髜",""
"髠",""
"髤",""
"髥",""
"髧",""
"髩",""
"髬",""
"髲",""
"髳",""
"髵",""
"髹",""
"髺",""
"髽",""
"髿",""
"鬀",""
"鬁",""
"鬂",""
"鬃",""
"鬄",""
"鬅",""
"鬈",""
"鬉",""
"鬋",""
"鬌",""
"鬍",""
"鬎",""
"鬐",""
"鬒",""
"鬖",""
"鬙",""
"鬛",""
"鬜",""
"鬠",""
"鬦",""
"鬫",""
"鬭",""
"鬳",""
"鬴",""
"鬵",""
"鬷",""
"鬹",""
"鬺",""
"鬽",""
"魈",""
"魋",""
"魌",""
"魕",""
"魖",""
"魗",""
"魛",""
"魞",""
"魡",""
"魣",""
"魥",""
"魦",""
"魨",""
"魪",""
"魫",""
"魬",""
"魭",""
"魮",""
"魳",""
"魵",""
"魷",""
"魸",""
"魹",""
"魿",""
"鮀",""
"鮄",""
"鮅",""
"鮆",""
"鮇",""
"鮉",""
"鮊",""
"鮋",""
"鮍",""
"鮏",""
"鮐",""
"鮔",""
"鮚",""
"鮝",""
"鮞",""
"鮦",""
"鮧",""
"鮩",""
"鮬",""
"鮰",""
"鮱",""
"鮲",""
"鮷",""
"鮸",""
"鮻",""
"鮼",""
"鮾",""
"鮿",""
"鯁",""
"鯇",""
"鯈",""
"鯎",""
"鯐",""
"鯗",""
"鯘",""
"鯝",""
"鯟",""
"鯥",""
"鯧",""
"鯪",""
"鯫",""
"鯯",""
"鯳",""
"鯷",""
"鯸",""
"鯹",""
"鯺",""
"鯽",""
"鯿",""
"鰀",""
"鰂",""
"鰋",""
"鰏",""
"鰑",""
"鰖",""
"鰘",""
"鰙",""
"鰚",""
"鰜",""
"鰞",""
"鰢",""
"鰣",""
"鰦",""
"鰧",""
"鰨",""
"鰩",""
"鰪",""
"鰱",""
"鰵",""
"鰶",""
"鰷",""
"鰽",""
"鱁",""
"鱃",""
"鱄",""
"鱅",""
"鱉",""
"鱊",""
"鱎",""
"鱏",""
"鱐",""
"鱓",""
"鱔",""
"鱖",""
"鱘",""
"鱛",""
"鱝",""
"鱞",""
"鱟",""
"鱣",""
"鱩",""
"鱪",""
"鱜",""
"鱫",""
"鱨",""
"鱮",""
"鱰",""
"鱲",""
"鱵",""
"鱷",""
"鱻",""
"鳦",""
"鳲",""
"鳷",""
"鳹",""
"鴋",""
"鴂",""
"鴑",""
"鴗",""
"鴘",""
"鴜",""
"鴝",""
"鴞",""
"鴯",""
"鴰",""
"鴲",""
"鴳",""
"鴴",""
"鴺",""
"鴼",""
"鵅",""
"鴽",""
"鵂",""
"鵃",""
"鵇",""
"鵊",""
"鵓",""
"鵔",""
"鵟",""
"鵣",""
"鵢",""
"鵥",""
"鵩",""
"鵪",""
"鵫",""
"鵰",""
"鵶",""
"鵷",""
"鵻",""
"鵼",""
"鵾",""
"鶃",""
"鶄",""
"鶆",""
"鶊",""
"鶍",""
"鶎",""
"鶒",""
"鶓",""
"鶕",""
"鶖",""
"鶗",""
"鶘",""
"鶡",""
"鶪",""
"鶬",""
"鶮",""
"鶱",""
"鶵",""
"鶹",""
"鶼",""
"鶿",""
"鷃",""
"鷇",""
"鷉",""
"鷊",""
"鷔",""
"鷕",""
"鷖",""
"鷗",9
"鷚",""
"鷞",""
"鷟",""
"鷠",""
"鷥",""
"鷧",""
"鷩",""
"鷫",""
"鷮",""
"鷰",""
"鷳",""
"鷴",""
"鷾",""
"鸊",""
"鸂",""
"鸇",""
"鸎",""
"鸐",""
"鸑",""
"鸒",""
"鸕",""
"鸖",""
"鸙",""
"鸜",""
"鸝",""
"鹺",""
"鹻",""
"鹼",""
"麀",""
"麂",""
"麃",""
"麄",""
"麅",""
"麇",""
"麎",""
"麏",""
"麖",""
"麘",""
"麛",""
"麞",""
"麤",""
"麨",""
"麬",""
"麮",""
"麯",""
"麰",""
"麳",""
"麴",""
"麵",""
"黆",""
"黈",""
"黋",""
"黕",""
"黟",""
"黤",""
"黧",""
"黬",""
"黭",""
"黮",""
"黰",""
"黱",""
"黲",""
"黵",""
"黸",""
"黿",""
"鼂",""
"鼃",""
"鼉",""
"鼏",""
"鼐",""
"鼑",""
"鼒",""
"鼔",""
"鼖",""
"鼗",""
"鼙",""
"鼚",""
"鼛",""
"鼟",""
"鼢",""
"鼦",""
"鼪",""
"鼫",""
"鼯",""
"鼱",""
"鼲",""
"鼴",""
"鼷",""
"鼹",""
"鼺",""
"鼼",""
"鼽",""
"鼿",""
"齁",""
"齃",""
"齄",""
"齅",""
"齆",""
"齇",""
"齓",""
"齕",""
"齖",""
"齗",""
"齘",""
"齚",""
"齝",""
"齞",""
"齨",""
"齩",""
"齭",""
"齮",""
"齯",""
"齰",""
"齱",""
"齳",""
"齵",""
"齺",""
"齽",""
"龏",""
"龐",""
"龑",""
"龒",""
"龔",""
"龖",""
"龗",""
"龞",""
"龡",""
"龢",""
"龣",""
"龥",""
"𠀋",""
"𠂉",""
"𠂢",""
"𠂤",""
"𠆢",""
"𠈓",""
"𠌫",""
"𠍱",""
"𠎁",""
"𠏹",""
"𠑊",""
"𠔉",""
"𠗖",""
"𠘨",""
"𠝏",""
"𠠇",""
"𠠺",""
"𠢹",""
"𠥼",""
"𠦝",""
"𠫓",""
"𠬝",""
"𠮟",""
"𠵅",""
"𠷡",""
"𠹤",""
"𠹭",""
"𠺕",""
"𠽟",""
"𡈁",""
"𡈽",""
"𡉕",""
"𡉴",""
"𡉻",""
"𡋗",""
"𡋤",""
"𡋽",""
"𡌛",""
"𡌶",""
"𡍄",""
"𡏄",""
"𡑭",""
"𡑮",""
"𡗗",""
"𡙇",""
"𡚴",""
"𡜆",""
"𡝂",""
"𡢽",""
"𡧃",""
"𡱖",""
"𡴭",""
"𡵅",""
"𡵢",""
"𡵸",""
"𡶒",""
"𡶜",""
"𡶡",""
"𡶷",""
"𡷠",""
"𡸳",""
"𡸴",""
"𡼞",""
"𡽶",""
"𡿺",""
"𢅻",""
"𢈘",""
"𢌞",""
"𢎭",""
"𢛳",""
"𢡛",""
"𢢫",""
"𢦏",""
"𢪸",""
"𢭆",""
"𢭏",""
"𢭐",""
"𢮦",""
"𢰝",""
"𢰤",""
"𢷡",""
"𣆶",""
"𣇃",""
"𣇄",""
"𣇵",""
"𣍲",""
"𣏐",""
"𣏒",""
"𣏓",""
"𣏕",""
"𣏚",""
"𣏟",""
"𣏤",""
"𣑊",""
"𣑋",""
"𣑑",""
"𣑥",""
"𣓤",""
"𣕚",""
"𣖔",""
"𣗄",""
"𣘸",""
"𣘹",""
"𣘺",""
"𣙇",""
"𣜌",""
"𣜜",""
"𣜿",""
"𣝣",""
"𣝤",""
"𣟧",""
"𣟿",""
"𣠤",""
"𣠽",""
"𣪘",""
"𣱿",""
"𣳾",""
"𣴀",""
"𣴎",""
"𣵀",""
"𣷓",""
"𣷹",""
"𣷺",""
"𣽾",""
"𤂖",""
"𤄃",""
"𤇆",""
"𤇾",""
"𤎼",""
"𤘩",""
"𤚥",""
"𤟱",""
"𤢖",""
"𤩍",""
"𤭖",""
"𤭯",""
"𤰖",""
"𤴔",""
"𤸎",""
"𤸷",""
"𤹪",""
"𤺋",""
"𥁊",""
"𥁕",""
"𥄢",""
"𥆩",""
"𥇍",""
"𥇥",""
"𥈞",""
"𥉌",""
"𥐮",""
"𥒎",""
"𥓙",""
"𥔎",""
"𥖧",""
"𥝱",""
"𥞩",""
"𥞴",""
"𥧄",""
"𥧔",""
"𥫣",""
"𥫤",""
"𥫱",""
"𥮲",""
"𥱋",""
"𥱤",""
"𥶡",""
"𥸮",""
"𥹖",""
"𥹢",""
"𥹥",""
"𥻂",""
"𥻘",""
"𥻨",""
"𥼣",""
"𥽜",""
"𥿔",""
"𥿠",""
"𥿻",""
"𦀌",""
"𦀗",""
"𦁠",""
"𦃭",""
"𦉰",""
"𦊆",""
"𦍌",""
"𦐂",""
"𦙾",""
"𦚰",""
"𦜝",""
"𦣝",""
"𦣪",""
"𦥑",""
"𦥯",""
"𦧝",""
"𦨞",""
"𦩘",""
"𦪌",""
"𦪷",""
"𦫿",""
"𦰩",""
"𦱳",""
"𦳝",""
"𦹀",""
"𦹥",""
"𦾔",""
"𦿶",""
"𦿷",""
"𦿸",""
"𧃴",""
"𧄍",""
"𧄹",""
"𧏚",""
"𧏛",""
"𧏾",""
"𧐐",""
"𧑉",""
"𧘔",""
"𧘕",""
"𧘱",""
"𧚄",""
"𧚓",""
"𧜎",""
"𧜣",""
"𧝒",""
"𧦅",""
"𧪄",""
"𧮳",""
"𧮾",""
"𧯇",""
"𧲸",""
"𧶠",""
"𧸐",""
"𧾷",""
"𨂊",""
"𨂻",""
"𨉷",""
"𨊂",""
"𨋳",""
"𨏍",""
"𨐌",""
"𨑕",""
"𨕫",""
"𨗈",""
"𨗉",""
"𨛗",""
"𨛺",""
"𨥆",""
"𨥉",""
"𨥫",""
"𨦇",""
"𨦈",""
"𨦺",""
"𨦻",""
"𨨞",""
"𨨩",""
"𨩃",""
"𨩱",""
"𨪙",""
"𨫍",""
"𨫝",""
"𨫤",""
"𨯁",""
"𨯯",""
"𨴐",""
"𨵱",""
"𨷻",""
"𨸟",""
"𨸶",""
"𨺉",""
"𨻫",""
"𨼲",""
"𨿸",""
"𩊠",""
"𩊱",""
"𩒐",""
"𩗏",""
"𩙿",""
"𩛰",""
"𩜙",""
"𩝐",""
"𩣆",""
"𩩲",""
"𩷛",""
"𩸕",""
"𩸽",""
"𩹉",""
"𩺊",""
"𩻄",""
"𩻛",""
"𩻩",""
"𩿎",""
"𪀚",""
"𪀯",""
"𪂂",""
"𪃹",""
"𪆐",""
"𪎌",""
"𪐷",""
"𪗱",""
"𪘂",""
"𪘚",""
"𪚲",""
"㐂",""
"㐆",""
"㐬",""
"㐮",""
"㑨",""
"㑪",""
"㒒",""
"㒵",""
"㒼",""
"㓁",""
"㓇",""
"㓛",""
"㔟",""
"㕝",""
"㕞",""
"㕣",""
"㕮",""
"㖦",""
"㖨",""
"㗅",""
"㗚",""
"㗴",""
"㘅",""
"㙊",""
"㚑",""
"㚖",""
"㚙",""
"㛏",""
"㝡",""
"㝢",""
"㝫",""
"㝬",""
"㝵",""
"㞍",""
"㟁",""
"㟢",""
"㟨",""
"㟴",""
"㟽",""
"㠀",""
"㠯",""
"㠶",""
"㡀",""
"㡜",""
"㡡",""
"㣺",""
"㤗",""
"㤚",""
"㥯",""
"㩮",""
"㩳",""
"㫖",""
"㫗",""
"㫪",""
"㬎",""
"㬚",""
"㬜",""
"㬢",""
"㭭",""
"㭷",""
"㮇",""
"㮈",""
"㮍",""
"㮤",""
"㮶",""
"㯃",""
"㯍",""
"㯰",""
"㰏",""
"㰦",""
"㳃",""
"㳒",""
"㴑",""
"㴞",""
"㵤",""
"㶚",""
"㷀",""
"㷔",""
"㸅",""
"㸿",""
"㹠",""
"㹦",""
"㹨",""
"㺃",""
"㺔",""
"㽗",""
"㽲",""
"㽵",""
"㽷",""
"㾮",""
"㿉",""
"㿗",""
"䀹",""
"䁘",""
"䂓",""
"䄅",""
"䅈",""
"䅏",""
"䅣",""
"䆴",""
"䆿",""
"䇦",""
"䇮",""
"䇳",""
"䈇",""
"䈎",""
"䉤",""
"䋆",""
"䋖",""
"䋝",""
"䌂",""
"䌫",""
"䍃",""
"䏮",""
"䏰",""
"䐈",""
"䐗",""
"䐜",""
"䐢",""
"䑓",""
"䑛",""
"䑶",""
"䑺",""
"䒑",""
"䒳",""
"䒾",""
"䓔",""
"䔈",""
"䔍",""
"䔥",""
"䕃",""
"䖝",""
"䖸",""
"䗥",""
"䗪",""
"䘏",""
"䙁",""
"䙥",""
"䚡",""
"䚯",""
"䜌",""
"䝤",""
"䟽",""
"䠖",""
"䡄",""
"䡎",""
"䢵",""
"䦰",""
"䧧",""
"䧺",""
"䨄",""
"䨩",""
"䪼",""
"䬻",""
"䯂",""
"䯊",""
"䯒",""
"䯨",""
"䰗",""
"䰠",""
"䳄",""
"䳑",""
"䴇",""
"䵷",""
"丏",""
"丩",""
"丬",""
"么",""
"亻",""
"亼",""
"仈",""
"仫",""
"佤",""
"俦",""
"俱",9
"倂",""
"傈",""
"傕",""
"傣",""
"傱",""
"傻",""
"僙",""
"僡",""
"僳",""
"兠",""
"关",""
"养",""
"凃",""
"凊",""
"剝",""
"剬",""
"劄",""
"勊",""
"勐",""
"勻",""
"匇",""
"匤",""
"卧",""
"卺",""
"卽",10
"叴",""
"吒",""
"吞",9
"吤",""
"呕",""
"呬",""
"咊",""
"咠",""
"哃",""
"哱",""
"哳",""
"啽",""
"嗝",""
"嘇",""
"嘨",""
"噇",""
"噓",""
"噶",""
"嚲",""
"圡",""
"埗",""
"埻",""
"墋",""
"增",10
"墪",""
"壃",""
"壠",""
"壴",""
"复",""
"夽",""
"姸",""
"娗",""
"媄",""
"嫰",""
"寎",""
"寬",10
"尃",""
"尒",""
"屛",""
"屟",""
"岧",""
"岭",""
"峐",""
"崐",""
"崝",""
"崠",""
"嵇",""
"嵓",""
"嶗",""
"嶤",""
"巑",""
"巗",""
"巢",10
"幷",""
"庹",""
"廙",""
"廹",""
"廽",""
"开",""
"弞",""
"徵",10
"德",10
"怢",""
"惮",""
"愺",""
"懵",""
"戾",""
"扡",""
"扻",""
"抅",""
"抙",""
"挲",""
"挻",""
"捙",""
"揫",""
"揭",10
"揷",""
"摹",""
"攲",""
"敄",""
"斄",""
"斵",""
"斸",""
"旼",""
"昺",""
"晈",""
"晚",10
"晣",""
"晥",""
"晭",""
"曆",10
"朁",""
"朒",""
"杍",""
"枒",""
"柛",""
"柼",""
"栁",""
"栐",""
"栘",""
"栾",""
"桉",""
"梐",""
"梙",""
"梫",""
"梴",""
"棃",""
"棤",""
"棷",""
"椃",""
"椇",""
"楆",""
"榰",""
"槀",""
"槏",""
"槣",""
"槩",""
"槪",""
"槴",""
"槶",""
"樳",""
"橫",10
"橺",""
"檔",""
"檡",""
"櫳",""
"欋",""
"步",10
"歬",""
"歷",10
"歺",""
"殁",""
"毇",""
"毈",""
"每",10
"毗",""
"氊",""
"沄",""
"沪",""
"沭",""
"泭",""
"泻",""
"洀",""
"洤",""
"洴",""
"浘",""
"浛",""
"浠",""
"涀",""
"涁",""
"涉",10
"涊",""
"涍",""
"涫",""
"涮",""
"淂",""
"淐",""
"淚",10
"渗",""
"渴",10
"湌",""
"溫",10
"溴",""
"滙",""
"漐",""
"漥",""
"漵",""
"潠",""
"澘",""
"澾",""
"濉",""
"瀊",""
"瀨",10
"瀺",""
"灇",""
"灩",""
"炟",""
"炻",""
"烬",""
"焈",""
"焮",""
"煑",""
"煓",""
"熖",""
"熮",""
"爕",""
"牗",""
"犰",""
"狀",10
"猳",""
"猹",""
"玊",""
"玔",""
"玨",""
"琓",""
"瑓",""
"璈",""
"璗",""
"璥",""
"璺",""
"瓖",""
"甁",""
"畬",""
"畲",""
"疌",""
"疰",""
"疷",""
"痓",""
"痝",""
"瘘",""
"瘨",""
"皞",""
"皡",""
"皯",""
"皶",""
"睘",""
"睼",""
"瞤",""
"瞩",""
"砙",""
"砬",""
"硏",""
"硑",""
"磹",""
"磾",""
"礛",""
"礮",""
"礰",""
"秌",""
"种",""
"窾",""
"竧",""
"笒",""
"笻",""
"筹",""
"筿",""
"篰",""
"簞",9
"籅",""
"籗",""
"籯",""
"綠",10
"緀",""
"緖",10
"緣",10
"繵",""
"耂",""
"聃",""
"聻",""
"肙",""
"肤",""
"胅",""
"胊",""
"胦",""
"胵",""
"胻",""
"脍",""
"脽",""
"臁",""
"臖",""
"舄",""
"舼",""
"艉",""
"艗",""
"艹",""
"芓",""
"茌",""
"荢",""
"荣",""
"菡",""
"菥",""
"萗",""
"葟",""
"蒗",""
"蓎",""
"蔛",""
"蔾",""
"薰",10
"藙",""
"藡",""
"蘤",""
"蘹",""
"虛",10
"蚇",""
"蚉",""
"蚝",""
"蛦",""
"蝑",""
"蝼",""
"蟥",""
"蟦",""
"蟬",9
"蟵",""
"衯",""
"袼",""
"褷",""
"覀",""
"訡",""
"諐",""
"謍",""
"譑",""
"譩",""
"譿",""
"讝",""
"賱",""
"賴",10
"贎",""
"踌",""
"躘",""
"躶",""
"輫",""
"轊",""
"辴",""
"郞",10
"郲",""
"鄕",""
"酆",""
"釄",""
"鈗",""
"鉖",""
"鋷",""
"錄",10
"鍊",10
"鍫",""
"鏱",""
"鏵",""
"閆",""
"阴",""
"隽",""
"霔",""
"霶",""
"霻",""
"靇",""
"靍",""
"頄",""
"颼",""
"飇",""
"飋",""
"飠",""
"飰",""
"飱",""
"馞",""
"馣",""
"駼",""
"騊",""
"騚",""
"騱",""
"驒",""
"驘",""
"骷",""
"魲",""
"魶",""
"鯮",""
"鰝",""
"鱥",""
"鱭",""
"鱺",""
"鵒",""
"鵳",""
"鶙",""
"鶽",""
"鷀",""
"鷣",""
"鸍",""
"麽",""
"黃",10
"黑",10
"欄",10
"廊",10
"朗",10
"虜",10
"殺",""
"類",10
"隆",""
"﨏",""
"塚",""
"﨑",""
"﨓",""
"﨔",""
"凞",""
"猪",9
"神",10
"祥",10
"福",10
"﨟",""
"蘒",""
"﨡",""
"諸",10
"﨤",""
"都",10
"侮",10
"僧",10
"免",""
"勉",10
"勤",10
"卑",10
"喝",""
"嘆",10
"器",10
"塀",""
"墨",10
"層",10
"屮",""
"悔",10
"慨",""
"憎",10
"懲",10
"敏",10
"既",""
"暑",10
"梅",10
"海",10
"渚",9
"漢",10
"煮",10
"爫",""
"琢",9
"碑",10
"社",10
"祉",10
"祈",10
"祐",9
"祖",10
"祝",10
"禍",10
"禎",9
"穀",10
"突",10
"節",10
"練",10
"縉",""
"繁",10
"署",10
"者",10
"臭",10
"艹",""
"艹",""
"著",10
"褐",""
"視",10
"謁",10
"謹",10
"賓",10
"贈",10
"辶",""
"逸",10
"難",10
"響",10
"頻",""
